date,market_id,stall_id,scale_id,nominal_weight_g (test mass),reading_g (scale reading),is_certified (Y/N),last_cert_date,inspector_id
2026-02-08,MKT_01,MKT_01_STL_001,SCL_0001,1000,999,Y,2025-10-19,INS_02
2026-03-22,MKT_01,MKT_01_STL_001,SCL_0001,1000,998,N,2025-06-15,INS_05
2026-03-23,MKT_01,MKT_01_STL_001,SCL_0001,1000,1000,Y,2025-10-21,INS_03
2026-01-09,MKT_01,MKT_01_STL_002,SCL_0002,1000,999,Y,2017-08-31,INS_05
2026-01-11,MKT_01,MKT_01_STL_002,SCL_0002,1000,1000,Y,2025-05-10,INS_02
2026-03-04,MKT_01,MKT_01_STL_002,SCL_0002,1000,999,Y,2025-07-13,INS_05
2026-02-17,MKT_01,MKT_01_STL_003,SCL_0003,1000,998,Y,2025-12-17,INS_04
2026-02-26,MKT_01,MKT_01_STL_003,SCL_0003,1000,999,N,2026-01-24,INS_05
2026-03-25,MKT_01,MKT_01_STL_003,SCL_0003,1000,999,Y,2015-03-06,INS_01
2026-01-10,MKT_01,MKT_01_STL_003,SCL_0004,1000,999,Y,2025-04-13,INS_04
2026-01-31,MKT_01,MKT_01_STL_003,SCL_0004,1000,1001,Y,2015-07-18,INS_04
2026-03-07,MKT_01,MKT_01_STL_003,SCL_0004,1000,1001,Y,2026-01-09,INS_03
2026-01-08,MKT_01,MKT_01_STL_004,SCL_0005,1000,998,Y,2025-09-03,INS_03
2026-01-13,MKT_01,MKT_01_STL_004,SCL_0005,1000,1001,Y,2017-08-05,INS_02
2026-03-24,MKT_01,MKT_01_STL_004,SCL_0005,1000,1001,N,2026-01-03,INS_01
2026-01-02,MKT_01,MKT_01_STL_005,SCL_0006,1000,999,Y,2025-04-01,INS_02
2026-01-12,MKT_01,MKT_01_STL_005,SCL_0006,1000,998,Y,2015-01-05,INS_04
2026-03-11,MKT_01,MKT_01_STL_005,SCL_0006,1000,1001,Y,2025-06-05,INS_03
2026-01-08,MKT_01,MKT_01_STL_006,SCL_0007,1000,998,N,2025-11-10,INS_05
2026-01-28,MKT_01,MKT_01_STL_006,SCL_0007,1000,999,N,2017-11-06,INS_04
2026-02-07,MKT_01,MKT_01_STL_006,SCL_0007,1000,998,Y,2025-09-10,INS_02
2026-02-01,MKT_01,MKT_01_STL_007,SCL_0008,1000,998,Y,2025-04-10,INS_05
2026-03-14,MKT_01,MKT_01_STL_007,SCL_0008,1000,999,Y,2025-09-05,INS_03
2026-03-16,MKT_01,MKT_01_STL_007,SCL_0008,1000,999,Y,2025-09-14,INS_04
2026-01-02,MKT_01,MKT_01_STL_008,SCL_0009,1000,998,Y,2016-03-12,INS_05
2026-01-10,MKT_01,MKT_01_STL_008,SCL_0009,1000,1000,Y,2025-08-08,INS_02
2026-02-28,MKT_01,MKT_01_STL_008,SCL_0009,1000,1001,Y,2025-08-28,INS_02
2026-01-02,MKT_01,MKT_01_STL_009,SCL_0010,1000,1000,Y,2025-10-11,INS_05
2026-03-09,MKT_01,MKT_01_STL_009,SCL_0010,1000,1000,Y,2015-08-08,INS_02
2026-03-25,MKT_01,MKT_01_STL_009,SCL_0010,1000,1000,Y,2025-11-08,INS_02
2026-01-27,MKT_01,MKT_01_STL_009,SCL_0011,1000,1001,N,2025-12-02,INS_05
2026-03-23,MKT_01,MKT_01_STL_009,SCL_0011,1000,1000,Y,2016-11-14,INS_04
2026-03-29,MKT_01,MKT_01_STL_009,SCL_0011,1000,999,Y,2025-07-24,INS_03
2026-01-10,MKT_01,MKT_01_STL_010,SCL_0012,1000,998,Y,2025-09-27,INS_05
2026-01-15,MKT_01,MKT_01_STL_010,SCL_0012,1000,1000,Y,2025-11-26,INS_01
2026-03-30,MKT_01,MKT_01_STL_010,SCL_0012,1000,999,Y,2025-08-31,INS_02
2026-01-20,MKT_01,MKT_01_STL_011,SCL_0013,1000,999,Y,2025-09-22,INS_02
2026-02-22,MKT_01,MKT_01_STL_011,SCL_0013,1000,999,Y,2025-08-06,INS_01
2026-03-21,MKT_01,MKT_01_STL_011,SCL_0013,1000,999,Y,2025-12-26,INS_04
2026-01-05,MKT_01,MKT_01_STL_012,SCL_0014,1000,1027,N,2019-06-17,INS_04
2026-01-29,MKT_01,MKT_01_STL_012,SCL_0014,1000,1006,N,2025-06-09,INS_02
2026-03-02,MKT_01,MKT_01_STL_012,SCL_0014,1000,1022,N,2017-11-09,INS_01
2026-01-04,MKT_01,MKT_01_STL_013,SCL_0015,1000,1016,Y,2016-06-27,INS_03
2026-02-12,MKT_01,MKT_01_STL_013,SCL_0015,1000,1032,N,2019-05-30,INS_05
2026-03-10,MKT_01,MKT_01_STL_013,SCL_0015,1000,1037,N,2018-03-26,INS_05
2026-01-01,MKT_01,MKT_01_STL_014,SCL_0016,1000,999,Y,2025-10-28,INS_05
2026-01-06,MKT_01,MKT_01_STL_014,SCL_0016,1000,1000,Y,2025-10-05,INS_03
2026-02-25,MKT_01,MKT_01_STL_014,SCL_0016,1000,1000,Y,2025-08-12,INS_03
2026-01-17,MKT_01,MKT_01_STL_015,SCL_0017,1000,1048,N,2025-09-20,INS_04
2026-02-07,MKT_01,MKT_01_STL_015,SCL_0017,1000,1030,N,2015-01-01,INS_03
2026-03-12,MKT_01,MKT_01_STL_015,SCL_0017,1000,1032,N,2025-04-06,INS_02
2026-02-26,MKT_01,MKT_01_STL_016,SCL_0018,1000,999,Y,2025-09-04,INS_04
2026-03-01,MKT_01,MKT_01_STL_016,SCL_0018,1000,1000,Y,2019-03-19,INS_05
2026-03-28,MKT_01,MKT_01_STL_016,SCL_0018,1000,999,N,2025-12-13,INS_03
2026-02-01,MKT_01,MKT_01_STL_017,SCL_0019,1000,1001,Y,2025-09-25,INS_01
2026-03-02,MKT_01,MKT_01_STL_017,SCL_0019,1000,1001,Y,2025-11-17,INS_04
2026-03-20,MKT_01,MKT_01_STL_017,SCL_0019,1000,998,Y,2025-10-29,INS_01
2026-03-01,MKT_01,MKT_01_STL_017,SCL_0020,1000,1012,N,2019-06-30,INS_02
2026-03-08,MKT_01,MKT_01_STL_017,SCL_0020,1000,1040,N,2019-03-27,INS_05
2026-03-31,MKT_01,MKT_01_STL_017,SCL_0020,1000,1037,N,2018-01-27,INS_05
2026-01-21,MKT_01,MKT_01_STL_018,SCL_0021,1000,1000,Y,2025-03-31,INS_02
2026-02-27,MKT_01,MKT_01_STL_018,SCL_0021,1000,1000,Y,2025-09-04,INS_02
2026-03-02,MKT_01,MKT_01_STL_018,SCL_0021,1000,1000,Y,2025-12-21,INS_03
2026-01-30,MKT_01,MKT_01_STL_019,SCL_0022,1000,1009,N,2016-11-08,INS_02
2026-02-19,MKT_01,MKT_01_STL_019,SCL_0022,1000,1008,N,2017-05-10,INS_04
2026-03-30,MKT_01,MKT_01_STL_019,SCL_0022,1000,1049,N,2019-04-17,INS_05
2026-01-01,MKT_01,MKT_01_STL_019,SCL_0023,1000,1001,Y,2025-08-12,INS_04
2026-02-15,MKT_01,MKT_01_STL_019,SCL_0023,1000,1001,Y,2025-07-01,INS_03
2026-03-03,MKT_01,MKT_01_STL_019,SCL_0023,1000,999,Y,2025-11-28,INS_04
2026-01-04,MKT_01,MKT_01_STL_020,SCL_0024,1000,998,Y,2025-09-27,INS_01
2026-02-20,MKT_01,MKT_01_STL_020,SCL_0024,1000,998,Y,2025-08-07,INS_02
2026-03-10,MKT_01,MKT_01_STL_020,SCL_0024,1000,1000,Y,2025-07-29,INS_03
2026-01-11,MKT_01,MKT_01_STL_020,SCL_0025,1000,998,Y,2025-06-16,INS_05
2026-02-02,MKT_01,MKT_01_STL_020,SCL_0025,1000,998,Y,2025-08-30,INS_01
2026-02-23,MKT_01,MKT_01_STL_020,SCL_0025,1000,999,Y,2025-05-27,INS_01
2026-01-28,MKT_01,MKT_01_STL_021,SCL_0026,1000,999,Y,2025-11-01,INS_03
2026-03-01,MKT_01,MKT_01_STL_021,SCL_0026,1000,1000,Y,2015-02-22,INS_02
2026-03-14,MKT_01,MKT_01_STL_021,SCL_0026,1000,1001,N,2025-11-03,INS_05
2026-02-01,MKT_01,MKT_01_STL_022,SCL_0027,1000,1048,N,2025-11-02,INS_03
2026-03-22,MKT_01,MKT_01_STL_022,SCL_0027,1000,1007,N,2017-05-27,INS_05
2026-03-30,MKT_01,MKT_01_STL_022,SCL_0027,1000,1037,N,2026-02-22,INS_01
2026-01-14,MKT_01,MKT_01_STL_023,SCL_0028,1000,999,Y,2025-03-23,INS_04
2026-02-25,MKT_01,MKT_01_STL_023,SCL_0028,1000,1001,Y,2025-09-11,INS_03
2026-03-04,MKT_01,MKT_01_STL_023,SCL_0028,1000,998,Y,2025-06-17,INS_02
2026-03-01,MKT_01,MKT_01_STL_023,SCL_0029,1000,998,Y,2025-08-17,INS_03
2026-03-14,MKT_01,MKT_01_STL_023,SCL_0029,1000,1000,Y,2025-08-22,INS_02
2026-03-20,MKT_01,MKT_01_STL_023,SCL_0029,1000,1000,Y,2025-05-30,INS_05
2026-01-11,MKT_01,MKT_01_STL_024,SCL_0030,1000,1001,Y,2025-04-05,INS_02
2026-01-31,MKT_01,MKT_01_STL_024,SCL_0030,1000,998,Y,2025-06-08,INS_01
2026-02-22,MKT_01,MKT_01_STL_024,SCL_0030,1000,1000,Y,2025-07-31,INS_03
2026-02-12,MKT_01,MKT_01_STL_024,SCL_0031,1000,1000,Y,2025-11-13,INS_03
2026-02-15,MKT_01,MKT_01_STL_024,SCL_0031,1000,998,Y,2025-10-14,INS_03
2026-03-12,MKT_01,MKT_01_STL_024,SCL_0031,1000,1000,Y,2025-05-18,INS_04
2026-01-13,MKT_01,MKT_01_STL_025,SCL_0032,1000,1000,Y,2017-12-29,INS_02
2026-01-25,MKT_01,MKT_01_STL_025,SCL_0032,1000,998,Y,2025-10-23,INS_01
2026-02-07,MKT_01,MKT_01_STL_025,SCL_0032,1000,998,Y,2025-08-16,INS_04
2026-01-24,MKT_01,MKT_01_STL_025,SCL_0033,1000,1001,Y,2015-05-14,INS_03
2026-02-13,MKT_01,MKT_01_STL_025,SCL_0033,1000,998,Y,2019-07-20,INS_01
2026-02-26,MKT_01,MKT_01_STL_025,SCL_0033,1000,998,Y,2025-11-28,INS_03
2026-02-23,MKT_01,MKT_01_STL_026,SCL_0034,1000,1001,Y,2025-06-12,INS_02
2026-03-18,MKT_01,MKT_01_STL_026,SCL_0034,1000,1001,Y,2026-01-17,INS_05
2026-03-19,MKT_01,MKT_01_STL_026,SCL_0034,1000,999,Y,2025-10-05,INS_01
2026-01-21,MKT_01,MKT_01_STL_027,SCL_0035,1000,998,Y,2025-04-26,INS_02
2026-01-23,MKT_01,MKT_01_STL_027,SCL_0035,1000,1000,N,2025-05-06,INS_02
2026-01-31,MKT_01,MKT_01_STL_027,SCL_0035,1000,1000,Y,2025-09-22,INS_02
2026-01-29,MKT_01,MKT_01_STL_028,SCL_0036,1000,1014,N,2015-12-06,INS_03
2026-03-11,MKT_01,MKT_01_STL_028,SCL_0036,1000,1041,N,2025-06-30,INS_05
2026-03-24,MKT_01,MKT_01_STL_028,SCL_0036,1000,1049,N,2016-07-11,INS_03
2026-01-11,MKT_01,MKT_01_STL_028,SCL_0037,1000,1000,N,2025-11-29,INS_04
2026-02-26,MKT_01,MKT_01_STL_028,SCL_0037,1000,998,Y,2025-09-12,INS_05
2026-03-05,MKT_01,MKT_01_STL_028,SCL_0037,1000,1001,Y,2025-06-22,INS_02
2026-01-24,MKT_01,MKT_01_STL_029,SCL_0038,1000,998,Y,2025-05-30,INS_04
2026-02-25,MKT_01,MKT_01_STL_029,SCL_0038,1000,999,Y,2025-05-18,INS_01
2026-03-16,MKT_01,MKT_01_STL_029,SCL_0038,1000,998,Y,2025-09-06,INS_04
2026-01-15,MKT_01,MKT_01_STL_030,SCL_0039,1000,1001,Y,2025-09-11,INS_01
2026-02-21,MKT_01,MKT_01_STL_030,SCL_0039,1000,1001,Y,2025-12-27,INS_05
2026-03-07,MKT_01,MKT_01_STL_030,SCL_0039,1000,999,Y,2025-06-26,INS_05
2026-01-04,MKT_02,MKT_02_STL_001,SCL_0040,1000,999,Y,2025-06-29,INS_05
2026-01-16,MKT_02,MKT_02_STL_001,SCL_0040,1000,1001,Y,2019-09-20,INS_05
2026-03-04,MKT_02,MKT_02_STL_001,SCL_0040,1000,998,Y,2025-11-16,INS_04
2026-02-04,MKT_02,MKT_02_STL_001,SCL_0041,1000,1001,Y,2025-10-23,INS_04
2026-02-07,MKT_02,MKT_02_STL_001,SCL_0041,1000,999,Y,2025-08-20,INS_05
2026-03-07,MKT_02,MKT_02_STL_001,SCL_0041,1000,1000,Y,2025-05-22,INS_04
2026-01-01,MKT_02,MKT_02_STL_001,SCL_0042,1000,1001,Y,2025-04-18,INS_05
2026-02-06,MKT_02,MKT_02_STL_001,SCL_0042,1000,1000,Y,2025-06-28,INS_03
2026-02-08,MKT_02,MKT_02_STL_001,SCL_0042,1000,999,Y,2025-09-09,INS_03
2026-01-06,MKT_02,MKT_02_STL_001,SCL_0043,1000,1001,Y,2025-09-21,INS_04
2026-01-30,MKT_02,MKT_02_STL_001,SCL_0043,1000,999,Y,2025-07-15,INS_01
2026-02-22,MKT_02,MKT_02_STL_001,SCL_0043,1000,998,N,2025-06-04,INS_04
2026-01-19,MKT_02,MKT_02_STL_002,SCL_0044,1000,1001,Y,2025-08-07,INS_01
2026-02-22,MKT_02,MKT_02_STL_002,SCL_0044,1000,998,Y,2025-07-13,INS_04
2026-03-25,MKT_02,MKT_02_STL_002,SCL_0044,1000,998,Y,2025-10-26,INS_04
2026-01-12,MKT_02,MKT_02_STL_002,SCL_0045,1000,998,Y,2025-07-13,INS_01
2026-01-30,MKT_02,MKT_02_STL_002,SCL_0045,1000,1000,Y,2025-08-03,INS_01
2026-02-06,MKT_02,MKT_02_STL_002,SCL_0045,1000,999,Y,2025-06-11,INS_04
2026-01-22,MKT_02,MKT_02_STL_002,SCL_0046,1000,1044,N,2025-04-13,INS_04
2026-01-23,MKT_02,MKT_02_STL_002,SCL_0046,1000,1019,N,2016-06-04,INS_02
2026-01-24,MKT_02,MKT_02_STL_002,SCL_0046,1000,1034,N,2025-03-21,INS_01
2026-02-14,MKT_02,MKT_02_STL_003,SCL_0047,1000,1000,Y,2025-08-14,INS_04
2026-02-26,MKT_02,MKT_02_STL_003,SCL_0047,1000,1001,Y,2017-02-20,INS_04
2026-03-17,MKT_02,MKT_02_STL_003,SCL_0047,1000,1000,N,2025-09-17,INS_05
2026-02-05,MKT_02,MKT_02_STL_003,SCL_0048,1000,1043,N,2025-08-13,INS_01
2026-02-20,MKT_02,MKT_02_STL_003,SCL_0048,1000,1043,N,2025-10-01,INS_02
2026-03-26,MKT_02,MKT_02_STL_003,SCL_0048,1000,1021,N,2025-12-16,INS_05
2026-01-06,MKT_02,MKT_02_STL_003,SCL_0049,1000,998,N,2025-10-01,INS_04
2026-03-22,MKT_02,MKT_02_STL_003,SCL_0049,1000,1000,Y,2025-11-23,INS_03
2026-03-24,MKT_02,MKT_02_STL_003,SCL_0049,1000,1000,Y,2025-10-06,INS_05
2026-02-02,MKT_02,MKT_02_STL_003,SCL_0050,1000,998,Y,2025-11-26,INS_03
2026-02-07,MKT_02,MKT_02_STL_003,SCL_0050,1000,1001,N,2025-07-05,INS_02
2026-03-03,MKT_02,MKT_02_STL_003,SCL_0050,1000,998,Y,2025-11-30,INS_04
2026-02-03,MKT_02,MKT_02_STL_004,SCL_0051,1000,998,N,2025-05-08,INS_03
2026-03-16,MKT_02,MKT_02_STL_004,SCL_0051,1000,1000,Y,2025-10-24,INS_05
2026-03-28,MKT_02,MKT_02_STL_004,SCL_0051,1000,1000,Y,2025-12-29,INS_04
2026-01-05,MKT_02,MKT_02_STL_004,SCL_0052,1000,1039,N,2017-07-18,INS_02
2026-02-08,MKT_02,MKT_02_STL_004,SCL_0052,1000,1031,N,2019-01-28,INS_05
2026-03-05,MKT_02,MKT_02_STL_004,SCL_0052,1000,1046,N,2017-09-29,INS_04
2026-01-05,MKT_02,MKT_02_STL_004,SCL_0053,1000,1001,N,2025-06-04,INS_04
2026-02-05,MKT_02,MKT_02_STL_004,SCL_0053,1000,1000,Y,2016-07-19,INS_03
2026-03-30,MKT_02,MKT_02_STL_004,SCL_0053,1000,1001,Y,2016-03-10,INS_01
2026-01-03,MKT_02,MKT_02_STL_004,SCL_0054,1000,999,N,2025-08-21,INS_02
2026-01-07,MKT_02,MKT_02_STL_004,SCL_0054,1000,999,Y,2025-08-11,INS_05
2026-03-18,MKT_02,MKT_02_STL_004,SCL_0054,1000,998,Y,2025-12-04,INS_02
2026-01-23,MKT_02,MKT_02_STL_005,SCL_0055,1000,1013,N,2019-06-06,INS_01
2026-02-02,MKT_02,MKT_02_STL_005,SCL_0055,1000,1025,Y,2016-06-27,INS_05
2026-03-11,MKT_02,MKT_02_STL_005,SCL_0055,1000,1038,N,2015-05-11,INS_04
2026-02-16,MKT_02,MKT_02_STL_005,SCL_0056,1000,1019,N,2025-12-26,INS_05
2026-03-07,MKT_02,MKT_02_STL_005,SCL_0056,1000,1024,Y,2015-03-05,INS_05
2026-03-17,MKT_02,MKT_02_STL_005,SCL_0056,1000,1030,N,2015-08-10,INS_04
2026-01-10,MKT_02,MKT_02_STL_005,SCL_0057,1000,998,Y,2018-07-02,INS_02
2026-01-11,MKT_02,MKT_02_STL_005,SCL_0057,1000,1000,Y,2025-07-15,INS_05
2026-02-26,MKT_02,MKT_02_STL_005,SCL_0057,1000,1001,Y,2018-12-08,INS_05
2026-01-28,MKT_02,MKT_02_STL_005,SCL_0058,1000,1001,Y,2025-05-11,INS_02
2026-03-12,MKT_02,MKT_02_STL_005,SCL_0058,1000,1000,Y,2025-10-03,INS_01
2026-03-25,MKT_02,MKT_02_STL_005,SCL_0058,1000,1001,N,2019-08-31,INS_02
2026-01-13,MKT_02,MKT_02_STL_005,SCL_0059,1000,998,Y,2025-06-29,INS_05
2026-02-17,MKT_02,MKT_02_STL_005,SCL_0059,1000,1000,Y,2025-06-16,INS_04
2026-02-25,MKT_02,MKT_02_STL_005,SCL_0059,1000,1000,Y,2025-07-30,INS_01
2026-01-20,MKT_02,MKT_02_STL_006,SCL_0060,1000,998,Y,2025-06-16,INS_02
2026-01-28,MKT_02,MKT_02_STL_006,SCL_0060,1000,999,Y,2025-12-16,INS_03
2026-03-06,MKT_02,MKT_02_STL_006,SCL_0060,1000,998,Y,2018-12-10,INS_03
2026-01-01,MKT_02,MKT_02_STL_006,SCL_0061,1000,1041,N,2025-10-28,INS_02
2026-02-13,MKT_02,MKT_02_STL_006,SCL_0061,1000,1010,N,2025-09-26,INS_01
2026-02-14,MKT_02,MKT_02_STL_006,SCL_0061,1000,1026,N,2016-09-30,INS_04
2026-01-11,MKT_02,MKT_02_STL_006,SCL_0062,1000,999,Y,2025-11-17,INS_02
2026-03-14,MKT_02,MKT_02_STL_006,SCL_0062,1000,1001,Y,2025-06-09,INS_03
2026-03-18,MKT_02,MKT_02_STL_006,SCL_0062,1000,1000,Y,2025-05-30,INS_04
2026-01-15,MKT_02,MKT_02_STL_006,SCL_0063,1000,1001,N,2025-07-12,INS_05
2026-02-06,MKT_02,MKT_02_STL_006,SCL_0063,1000,998,Y,2016-09-09,INS_04
2026-02-25,MKT_02,MKT_02_STL_006,SCL_0063,1000,1000,N,2025-11-26,INS_02
2026-01-17,MKT_02,MKT_02_STL_007,SCL_0064,1000,1000,Y,2019-10-31,INS_02
2026-01-23,MKT_02,MKT_02_STL_007,SCL_0064,1000,998,Y,2025-11-15,INS_04
2026-02-25,MKT_02,MKT_02_STL_007,SCL_0064,1000,1001,Y,2025-06-27,INS_05
2026-01-03,MKT_02,MKT_02_STL_007,SCL_0065,1000,1034,Y,2025-06-02,INS_05
2026-02-11,MKT_02,MKT_02_STL_007,SCL_0065,1000,1020,N,2017-03-31,INS_01
2026-02-21,MKT_02,MKT_02_STL_007,SCL_0065,1000,1024,N,2025-10-01,INS_04
2026-01-10,MKT_02,MKT_02_STL_007,SCL_0066,1000,999,Y,2025-06-16,INS_05
2026-01-22,MKT_02,MKT_02_STL_007,SCL_0066,1000,999,Y,2016-06-08,INS_02
2026-03-07,MKT_02,MKT_02_STL_007,SCL_0066,1000,999,Y,2025-12-29,INS_05
2026-03-01,MKT_02,MKT_02_STL_008,SCL_0067,1000,1001,Y,2025-08-18,INS_05
2026-03-05,MKT_02,MKT_02_STL_008,SCL_0067,1000,999,Y,2025-06-08,INS_03
2026-03-22,MKT_02,MKT_02_STL_008,SCL_0067,1000,1000,Y,2025-08-24,INS_03
2026-02-09,MKT_02,MKT_02_STL_008,SCL_0068,1000,1023,N,2019-11-05,INS_03
2026-02-27,MKT_02,MKT_02_STL_008,SCL_0068,1000,1044,N,2017-02-26,INS_01
2026-03-01,MKT_02,MKT_02_STL_008,SCL_0068,1000,1007,N,2019-07-17,INS_05
2026-01-25,MKT_02,MKT_02_STL_008,SCL_0069,1000,998,Y,2025-07-04,INS_02
2026-02-11,MKT_02,MKT_02_STL_008,SCL_0069,1000,999,Y,2018-12-20,INS_01
2026-03-19,MKT_02,MKT_02_STL_008,SCL_0069,1000,999,Y,2025-09-26,INS_04
2026-02-13,MKT_02,MKT_02_STL_008,SCL_0070,1000,1009,N,2018-02-16,INS_03
2026-03-18,MKT_02,MKT_02_STL_008,SCL_0070,1000,1021,N,2025-04-14,INS_03
2026-03-28,MKT_02,MKT_02_STL_008,SCL_0070,1000,1010,N,2015-10-17,INS_03
2026-02-09,MKT_02,MKT_02_STL_008,SCL_0071,1000,998,Y,2025-07-02,INS_02
2026-03-25,MKT_02,MKT_02_STL_008,SCL_0071,1000,999,N,2025-05-30,INS_03
2026-03-31,MKT_02,MKT_02_STL_008,SCL_0071,1000,1000,Y,2016-09-24,INS_04
2026-01-28,MKT_02,MKT_02_STL_009,SCL_0072,1000,1014,N,2019-09-26,INS_02
2026-02-13,MKT_02,MKT_02_STL_009,SCL_0072,1000,1039,Y,2025-04-20,INS_05
2026-03-04,MKT_02,MKT_02_STL_009,SCL_0072,1000,1044,N,2017-02-10,INS_03
2026-01-24,MKT_02,MKT_02_STL_009,SCL_0073,1000,1001,Y,2017-01-16,INS_02
2026-03-21,MKT_02,MKT_02_STL_009,SCL_0073,1000,1001,Y,2025-07-05,INS_02
2026-03-30,MKT_02,MKT_02_STL_009,SCL_0073,1000,1000,Y,2025-07-03,INS_02
2026-01-25,MKT_02,MKT_02_STL_009,SCL_0074,1000,1001,Y,2025-06-14,INS_04
2026-02-17,MKT_02,MKT_02_STL_009,SCL_0074,1000,999,Y,2025-11-09,INS_04
2026-03-28,MKT_02,MKT_02_STL_009,SCL_0074,1000,1001,Y,2026-01-05,INS_01
2026-01-16,MKT_02,MKT_02_STL_009,SCL_0075,1000,1022,N,2017-11-17,INS_02
2026-02-06,MKT_02,MKT_02_STL_009,SCL_0075,1000,1010,N,2025-09-16,INS_04
2026-03-08,MKT_02,MKT_02_STL_009,SCL_0075,1000,1006,N,2017-03-22,INS_03
2026-01-11,MKT_02,MKT_02_STL_010,SCL_0076,1000,1000,Y,2025-06-24,INS_01
2026-01-31,MKT_02,MKT_02_STL_010,SCL_0076,1000,998,Y,2025-05-05,INS_02
2026-02-19,MKT_02,MKT_02_STL_010,SCL_0076,1000,1001,Y,2026-01-18,INS_02
2026-01-03,MKT_02,MKT_02_STL_010,SCL_0077,1000,1001,Y,2016-08-13,INS_05
2026-01-28,MKT_02,MKT_02_STL_010,SCL_0077,1000,998,N,2025-05-09,INS_01
2026-02-02,MKT_02,MKT_02_STL_010,SCL_0077,1000,998,Y,2025-09-02,INS_04
2026-01-01,MKT_02,MKT_02_STL_010,SCL_0078,1000,1001,N,2018-09-30,INS_02
2026-02-07,MKT_02,MKT_02_STL_010,SCL_0078,1000,998,Y,2025-04-24,INS_03
2026-02-24,MKT_02,MKT_02_STL_010,SCL_0078,1000,998,N,2025-05-30,INS_05
2026-02-02,MKT_02,MKT_02_STL_010,SCL_0079,1000,998,Y,2025-11-11,INS_03
2026-02-17,MKT_02,MKT_02_STL_010,SCL_0079,1000,999,Y,2018-01-23,INS_03
2026-02-19,MKT_02,MKT_02_STL_010,SCL_0079,1000,1001,Y,2025-05-20,INS_02
2026-01-09,MKT_02,MKT_02_STL_010,SCL_0080,1000,1007,N,2025-11-19,INS_02
2026-01-18,MKT_02,MKT_02_STL_010,SCL_0080,1000,1037,N,2019-07-28,INS_03
2026-02-28,MKT_02,MKT_02_STL_010,SCL_0080,1000,1007,N,2025-10-24,INS_03
2026-01-07,MKT_02,MKT_02_STL_011,SCL_0081,1000,1001,Y,2025-04-27,INS_03
2026-02-12,MKT_02,MKT_02_STL_011,SCL_0081,1000,1000,Y,2025-05-04,INS_04
2026-03-25,MKT_02,MKT_02_STL_011,SCL_0081,1000,1000,N,2025-07-21,INS_03
2026-01-24,MKT_02,MKT_02_STL_011,SCL_0082,1000,998,Y,2025-07-27,INS_01
2026-03-11,MKT_02,MKT_02_STL_011,SCL_0082,1000,1001,Y,2017-06-28,INS_05
2026-03-19,MKT_02,MKT_02_STL_011,SCL_0082,1000,1000,Y,2025-07-10,INS_01
2026-01-08,MKT_02,MKT_02_STL_011,SCL_0083,1000,999,Y,2025-09-27,INS_03
2026-01-10,MKT_02,MKT_02_STL_011,SCL_0083,1000,998,Y,2016-04-28,INS_04
2026-03-27,MKT_02,MKT_02_STL_011,SCL_0083,1000,1000,Y,2026-02-09,INS_03
2026-02-17,MKT_02,MKT_02_STL_012,SCL_0084,1000,999,Y,2025-06-29,INS_01
2026-02-27,MKT_02,MKT_02_STL_012,SCL_0084,1000,999,Y,2026-01-15,INS_03
2026-03-28,MKT_02,MKT_02_STL_012,SCL_0084,1000,1001,Y,2025-12-28,INS_04
2026-01-28,MKT_02,MKT_02_STL_012,SCL_0085,1000,1001,Y,2025-10-21,INS_03
2026-02-03,MKT_02,MKT_02_STL_012,SCL_0085,1000,999,Y,2025-05-22,INS_04
2026-02-27,MKT_02,MKT_02_STL_012,SCL_0085,1000,1000,Y,2025-09-02,INS_03
2026-01-21,MKT_02,MKT_02_STL_012,SCL_0086,1000,1037,N,2016-02-16,INS_03
2026-03-23,MKT_02,MKT_02_STL_012,SCL_0086,1000,1036,N,2018-02-08,INS_02
2026-03-31,MKT_02,MKT_02_STL_012,SCL_0086,1000,1040,Y,2015-06-26,INS_04
2026-02-20,MKT_02,MKT_02_STL_012,SCL_0087,1000,998,Y,2016-10-11,INS_04
2026-03-03,MKT_02,MKT_02_STL_012,SCL_0087,1000,1001,Y,2025-08-09,INS_04
2026-03-09,MKT_02,MKT_02_STL_012,SCL_0087,1000,999,Y,2025-12-03,INS_05
2026-01-08,MKT_02,MKT_02_STL_013,SCL_0088,1000,1015,N,2018-12-23,INS_02
2026-01-16,MKT_02,MKT_02_STL_013,SCL_0088,1000,1023,N,2025-08-11,INS_05
2026-03-08,MKT_02,MKT_02_STL_013,SCL_0088,1000,1022,N,2016-09-12,INS_05
2026-01-12,MKT_02,MKT_02_STL_013,SCL_0089,1000,1014,N,2018-07-02,INS_05
2026-03-06,MKT_02,MKT_02_STL_013,SCL_0089,1000,1026,Y,2025-04-22,INS_05
2026-03-24,MKT_02,MKT_02_STL_013,SCL_0089,1000,1010,N,2018-08-06,INS_01
2026-01-27,MKT_02,MKT_02_STL_013,SCL_0090,1000,998,Y,2025-08-02,INS_04
2026-02-03,MKT_02,MKT_02_STL_013,SCL_0090,1000,1001,Y,2025-06-11,INS_03
2026-03-25,MKT_02,MKT_02_STL_013,SCL_0090,1000,998,Y,2017-05-01,INS_01
2026-01-27,MKT_02,MKT_02_STL_014,SCL_0091,1000,1027,N,2025-10-23,INS_03
2026-02-13,MKT_02,MKT_02_STL_014,SCL_0091,1000,1040,N,2016-05-10,INS_05
2026-03-19,MKT_02,MKT_02_STL_014,SCL_0091,1000,1033,Y,2015-07-18,INS_03
2026-02-19,MKT_02,MKT_02_STL_014,SCL_0092,1000,1000,Y,2025-08-13,INS_02
2026-02-23,MKT_02,MKT_02_STL_014,SCL_0092,1000,1001,Y,2025-05-30,INS_02
2026-03-20,MKT_02,MKT_02_STL_014,SCL_0092,1000,1001,Y,2017-03-16,INS_03
2026-01-28,MKT_02,MKT_02_STL_014,SCL_0093,1000,1000,Y,2025-05-03,INS_01
2026-01-31,MKT_02,MKT_02_STL_014,SCL_0093,1000,998,Y,2025-08-19,INS_01
2026-03-16,MKT_02,MKT_02_STL_014,SCL_0093,1000,1000,Y,2015-04-15,INS_04
2026-01-25,MKT_02,MKT_02_STL_014,SCL_0094,1000,1001,Y,2025-08-05,INS_04
2026-02-16,MKT_02,MKT_02_STL_014,SCL_0094,1000,998,Y,2015-07-18,INS_05
2026-03-12,MKT_02,MKT_02_STL_014,SCL_0094,1000,1000,Y,2025-11-01,INS_03
2026-01-06,MKT_02,MKT_02_STL_014,SCL_0095,1000,1050,N,2017-08-28,INS_02
2026-02-21,MKT_02,MKT_02_STL_014,SCL_0095,1000,1043,N,2025-11-12,INS_02
2026-03-06,MKT_02,MKT_02_STL_014,SCL_0095,1000,1025,N,2018-06-16,INS_05
2026-02-08,MKT_02,MKT_02_STL_015,SCL_0096,1000,1001,Y,2025-08-09,INS_05
2026-02-13,MKT_02,MKT_02_STL_015,SCL_0096,1000,1000,Y,2025-11-19,INS_01
2026-03-17,MKT_02,MKT_02_STL_015,SCL_0096,1000,1000,Y,2026-02-02,INS_05
2026-02-03,MKT_02,MKT_02_STL_015,SCL_0097,1000,1001,Y,2018-07-12,INS_01
2026-03-16,MKT_02,MKT_02_STL_015,SCL_0097,1000,999,N,2025-10-13,INS_04
2026-03-25,MKT_02,MKT_02_STL_015,SCL_0097,1000,999,Y,2016-10-04,INS_01
2026-01-27,MKT_02,MKT_02_STL_015,SCL_0098,1000,1001,Y,2025-11-27,INS_05
2026-02-22,MKT_02,MKT_02_STL_015,SCL_0098,1000,999,Y,2025-05-24,INS_05
2026-03-30,MKT_02,MKT_02_STL_015,SCL_0098,1000,999,Y,2025-09-06,INS_03
2026-03-24,MKT_02,MKT_02_STL_015,SCL_0099,1000,1001,Y,2016-05-19,INS_03
2026-03-28,MKT_02,MKT_02_STL_015,SCL_0099,1000,999,Y,2025-09-27,INS_03
2026-03-29,MKT_02,MKT_02_STL_015,SCL_0099,1000,1001,Y,2025-09-02,INS_02
2026-01-16,MKT_02,MKT_02_STL_016,SCL_0100,1000,1001,Y,2025-05-29,INS_05
2026-02-05,MKT_02,MKT_02_STL_016,SCL_0100,1000,1000,N,2019-01-02,INS_02
2026-02-06,MKT_02,MKT_02_STL_016,SCL_0100,1000,1000,Y,2025-09-20,INS_04
2026-02-04,MKT_02,MKT_02_STL_016,SCL_0101,1000,998,Y,2025-09-05,INS_02
2026-03-10,MKT_02,MKT_02_STL_016,SCL_0101,1000,999,Y,2026-01-13,INS_05
2026-03-13,MKT_02,MKT_02_STL_016,SCL_0101,1000,1001,Y,2019-04-28,INS_03
2026-01-21,MKT_02,MKT_02_STL_016,SCL_0102,1000,1001,Y,2025-07-28,INS_04
2026-02-22,MKT_02,MKT_02_STL_016,SCL_0102,1000,998,Y,2025-09-27,INS_01
2026-03-12,MKT_02,MKT_02_STL_016,SCL_0102,1000,999,Y,2025-11-12,INS_01
2026-01-05,MKT_02,MKT_02_STL_016,SCL_0103,1000,1007,N,2018-03-09,INS_03
2026-02-20,MKT_02,MKT_02_STL_016,SCL_0103,1000,1023,N,2018-08-06,INS_03
2026-03-05,MKT_02,MKT_02_STL_016,SCL_0103,1000,1013,N,2025-06-09,INS_04
2026-01-15,MKT_02,MKT_02_STL_016,SCL_0104,1000,999,Y,2016-11-21,INS_03
2026-01-21,MKT_02,MKT_02_STL_016,SCL_0104,1000,999,Y,2019-10-20,INS_05
2026-02-12,MKT_02,MKT_02_STL_016,SCL_0104,1000,1001,Y,2025-11-30,INS_04
2026-01-13,MKT_02,MKT_02_STL_017,SCL_0105,1000,998,Y,2025-08-16,INS_02
2026-01-18,MKT_02,MKT_02_STL_017,SCL_0105,1000,1000,Y,2025-12-14,INS_03
2026-01-24,MKT_02,MKT_02_STL_017,SCL_0105,1000,999,Y,2015-08-31,INS_03
2026-01-21,MKT_02,MKT_02_STL_017,SCL_0106,1000,998,Y,2025-07-24,INS_03
2026-02-21,MKT_02,MKT_02_STL_017,SCL_0106,1000,999,Y,2025-05-23,INS_02
2026-03-29,MKT_02,MKT_02_STL_017,SCL_0106,1000,1000,Y,2025-07-01,INS_05
2026-01-28,MKT_02,MKT_02_STL_017,SCL_0107,1000,998,Y,2025-04-03,INS_05
2026-02-01,MKT_02,MKT_02_STL_017,SCL_0107,1000,998,Y,2018-01-26,INS_01
2026-03-27,MKT_02,MKT_02_STL_017,SCL_0107,1000,999,Y,2019-10-16,INS_02
2026-01-15,MKT_02,MKT_02_STL_017,SCL_0108,1000,998,Y,2025-05-02,INS_04
2026-01-27,MKT_02,MKT_02_STL_017,SCL_0108,1000,999,Y,2025-05-09,INS_04
2026-03-29,MKT_02,MKT_02_STL_017,SCL_0108,1000,1001,Y,2025-09-23,INS_05
2026-01-01,MKT_02,MKT_02_STL_017,SCL_0109,1000,998,Y,2016-12-06,INS_05
2026-02-02,MKT_02,MKT_02_STL_017,SCL_0109,1000,998,Y,2025-11-29,INS_05
2026-02-20,MKT_02,MKT_02_STL_017,SCL_0109,1000,998,Y,2025-10-21,INS_04
2026-02-17,MKT_02,MKT_02_STL_018,SCL_0110,1000,1001,Y,2025-07-09,INS_04
2026-02-23,MKT_02,MKT_02_STL_018,SCL_0110,1000,999,Y,2025-07-30,INS_05
2026-03-24,MKT_02,MKT_02_STL_018,SCL_0110,1000,1001,Y,2025-10-31,INS_05
2026-01-03,MKT_02,MKT_02_STL_018,SCL_0111,1000,1001,Y,2025-08-09,INS_05
2026-02-08,MKT_02,MKT_02_STL_018,SCL_0111,1000,999,N,2025-11-13,INS_03
2026-03-01,MKT_02,MKT_02_STL_018,SCL_0111,1000,998,Y,2025-12-27,INS_04
2026-01-05,MKT_02,MKT_02_STL_018,SCL_0112,1000,999,Y,2025-05-15,INS_01
2026-02-27,MKT_02,MKT_02_STL_018,SCL_0112,1000,999,Y,2025-12-31,INS_05
2026-03-18,MKT_02,MKT_02_STL_018,SCL_0112,1000,999,Y,2025-09-06,INS_03
2026-01-31,MKT_02,MKT_02_STL_018,SCL_0113,1000,999,N,2025-08-14,INS_02
2026-02-11,MKT_02,MKT_02_STL_018,SCL_0113,1000,999,Y,2025-06-08,INS_05
2026-03-28,MKT_02,MKT_02_STL_018,SCL_0113,1000,1000,Y,2025-08-15,INS_01
2026-02-10,MKT_02,MKT_02_STL_019,SCL_0114,1000,1001,Y,2018-01-06,INS_03
2026-02-23,MKT_02,MKT_02_STL_019,SCL_0114,1000,1000,Y,2025-11-12,INS_02
2026-03-31,MKT_02,MKT_02_STL_019,SCL_0114,1000,1001,Y,2025-12-23,INS_01
2026-01-27,MKT_02,MKT_02_STL_019,SCL_0115,1000,1000,Y,2019-01-23,INS_04
2026-02-02,MKT_02,MKT_02_STL_019,SCL_0115,1000,1000,Y,2025-12-14,INS_01
2026-02-12,MKT_02,MKT_02_STL_019,SCL_0115,1000,999,Y,2025-07-27,INS_02
2026-01-02,MKT_02,MKT_02_STL_019,SCL_0116,1000,1001,Y,2025-08-21,INS_01
2026-01-25,MKT_02,MKT_02_STL_019,SCL_0116,1000,1000,Y,2025-06-15,INS_02
2026-01-28,MKT_02,MKT_02_STL_019,SCL_0116,1000,1000,Y,2025-04-11,INS_03
2026-01-13,MKT_02,MKT_02_STL_019,SCL_0117,1000,999,N,2025-05-17,INS_03
2026-03-01,MKT_02,MKT_02_STL_019,SCL_0117,1000,999,Y,2018-02-07,INS_02
2026-03-02,MKT_02,MKT_02_STL_019,SCL_0117,1000,1001,Y,2025-10-23,INS_05
2026-02-01,MKT_02,MKT_02_STL_019,SCL_0118,1000,1000,Y,2025-04-27,INS_03
2026-02-18,MKT_02,MKT_02_STL_019,SCL_0118,1000,1001,Y,2019-06-17,INS_04
2026-03-14,MKT_02,MKT_02_STL_019,SCL_0118,1000,1001,Y,2018-01-15,INS_02
2026-01-05,MKT_02,MKT_02_STL_020,SCL_0119,1000,998,Y,2025-05-09,INS_01
2026-01-08,MKT_02,MKT_02_STL_020,SCL_0119,1000,998,Y,2025-12-05,INS_02
2026-03-09,MKT_02,MKT_02_STL_020,SCL_0119,1000,1000,Y,2018-07-30,INS_04
2026-03-03,MKT_02,MKT_02_STL_020,SCL_0120,1000,1001,Y,2017-12-20,INS_01
2026-03-20,MKT_02,MKT_02_STL_020,SCL_0120,1000,1000,Y,2019-07-24,INS_05
2026-03-26,MKT_02,MKT_02_STL_020,SCL_0120,1000,999,Y,2015-07-17,INS_04
2026-01-25,MKT_02,MKT_02_STL_020,SCL_0121,1000,1000,Y,2025-11-16,INS_03
2026-01-31,MKT_02,MKT_02_STL_020,SCL_0121,1000,1001,Y,2025-09-08,INS_04
2026-03-21,MKT_02,MKT_02_STL_020,SCL_0121,1000,998,Y,2017-02-15,INS_01
2026-01-08,MKT_02,MKT_02_STL_021,SCL_0122,1000,1010,N,2017-06-07,INS_02
2026-03-02,MKT_02,MKT_02_STL_021,SCL_0122,1000,1041,N,2025-12-14,INS_03
2026-03-23,MKT_02,MKT_02_STL_021,SCL_0122,1000,1019,N,2019-11-13,INS_01
2026-02-04,MKT_02,MKT_02_STL_021,SCL_0123,1000,1048,N,2025-04-02,INS_01
2026-03-02,MKT_02,MKT_02_STL_021,SCL_0123,1000,1016,Y,2025-08-23,INS_01
2026-03-14,MKT_02,MKT_02_STL_021,SCL_0123,1000,1042,N,2019-08-08,INS_02
2026-01-10,MKT_02,MKT_02_STL_021,SCL_0124,1000,1041,N,2025-05-26,INS_02
2026-02-08,MKT_02,MKT_02_STL_021,SCL_0124,1000,1026,N,2019-02-23,INS_05
2026-02-20,MKT_02,MKT_02_STL_021,SCL_0124,1000,1037,Y,2025-07-28,INS_01
2026-01-10,MKT_02,MKT_02_STL_021,SCL_0125,1000,1001,N,2025-06-27,INS_05
2026-01-30,MKT_02,MKT_02_STL_021,SCL_0125,1000,1001,Y,2025-07-02,INS_03
2026-02-25,MKT_02,MKT_02_STL_021,SCL_0125,1000,1001,Y,2018-04-14,INS_04
2026-01-11,MKT_02,MKT_02_STL_021,SCL_0126,1000,998,Y,2025-06-01,INS_01
2026-02-07,MKT_02,MKT_02_STL_021,SCL_0126,1000,1001,N,2025-11-15,INS_02
2026-03-21,MKT_02,MKT_02_STL_021,SCL_0126,1000,1001,Y,2025-10-04,INS_03
2026-01-12,MKT_02,MKT_02_STL_022,SCL_0127,1000,1001,Y,2015-07-03,INS_05
2026-01-24,MKT_02,MKT_02_STL_022,SCL_0127,1000,1000,Y,2025-12-19,INS_01
2026-02-25,MKT_02,MKT_02_STL_022,SCL_0127,1000,998,Y,2025-09-24,INS_04
2026-01-22,MKT_02,MKT_02_STL_022,SCL_0128,1000,1024,Y,2015-10-26,INS_03
2026-02-18,MKT_02,MKT_02_STL_022,SCL_0128,1000,1022,N,2017-09-18,INS_04
2026-03-29,MKT_02,MKT_02_STL_022,SCL_0128,1000,1021,N,2025-04-13,INS_03
2026-01-26,MKT_02,MKT_02_STL_022,SCL_0129,1000,1005,N,2025-07-10,INS_03
2026-02-28,MKT_02,MKT_02_STL_022,SCL_0129,1000,1026,N,2017-05-31,INS_04
2026-03-20,MKT_02,MKT_02_STL_022,SCL_0129,1000,1013,N,2018-05-20,INS_05
2026-01-26,MKT_02,MKT_02_STL_023,SCL_0130,1000,1025,N,2018-11-24,INS_04
2026-02-10,MKT_02,MKT_02_STL_023,SCL_0130,1000,1020,N,2016-07-28,INS_05
2026-03-03,MKT_02,MKT_02_STL_023,SCL_0130,1000,1028,N,2018-02-28,INS_04
2026-01-24,MKT_02,MKT_02_STL_023,SCL_0131,1000,1001,Y,2025-09-09,INS_01
2026-03-11,MKT_02,MKT_02_STL_023,SCL_0131,1000,998,Y,2025-07-15,INS_03
2026-03-29,MKT_02,MKT_02_STL_023,SCL_0131,1000,1000,Y,2025-12-11,INS_02
2026-01-10,MKT_02,MKT_02_STL_023,SCL_0132,1000,1001,Y,2025-05-11,INS_04
2026-02-18,MKT_02,MKT_02_STL_023,SCL_0132,1000,998,Y,2016-05-23,INS_03
2026-02-27,MKT_02,MKT_02_STL_023,SCL_0132,1000,999,Y,2026-01-06,INS_03
2026-02-21,MKT_02,MKT_02_STL_024,SCL_0133,1000,1001,Y,2015-07-21,INS_03
2026-03-24,MKT_02,MKT_02_STL_024,SCL_0133,1000,999,Y,2025-08-06,INS_05
2026-03-28,MKT_02,MKT_02_STL_024,SCL_0133,1000,999,Y,2026-02-14,INS_05
2026-01-11,MKT_02,MKT_02_STL_024,SCL_0134,1000,1027,N,2017-07-21,INS_02
2026-02-07,MKT_02,MKT_02_STL_024,SCL_0134,1000,1035,N,2015-07-19,INS_05
2026-02-23,MKT_02,MKT_02_STL_024,SCL_0134,1000,1025,N,2015-04-02,INS_04
2026-01-03,MKT_02,MKT_02_STL_024,SCL_0135,1000,999,Y,2025-09-14,INS_02
2026-01-15,MKT_02,MKT_02_STL_024,SCL_0135,1000,1001,Y,2025-05-23,INS_04
2026-02-13,MKT_02,MKT_02_STL_024,SCL_0135,1000,1001,Y,2025-10-05,INS_02
2026-01-01,MKT_02,MKT_02_STL_024,SCL_0136,1000,1000,Y,2025-10-31,INS_02
2026-02-19,MKT_02,MKT_02_STL_024,SCL_0136,1000,999,Y,2025-10-12,INS_05
2026-02-24,MKT_02,MKT_02_STL_024,SCL_0136,1000,1001,Y,2025-08-18,INS_03
2026-02-20,MKT_02,MKT_02_STL_024,SCL_0137,1000,1034,N,2025-08-22,INS_03
2026-03-17,MKT_02,MKT_02_STL_024,SCL_0137,1000,1010,N,2025-09-08,INS_05
2026-03-20,MKT_02,MKT_02_STL_024,SCL_0137,1000,1012,N,2018-11-21,INS_03
2026-02-19,MKT_02,MKT_02_STL_025,SCL_0138,1000,1032,N,2018-07-25,INS_04
2026-02-23,MKT_02,MKT_02_STL_025,SCL_0138,1000,1040,N,2016-08-14,INS_02
2026-03-18,MKT_02,MKT_02_STL_025,SCL_0138,1000,1033,N,2025-08-17,INS_03
2026-01-18,MKT_02,MKT_02_STL_025,SCL_0139,1000,1001,Y,2025-04-12,INS_05
2026-01-25,MKT_02,MKT_02_STL_025,SCL_0139,1000,1001,N,2018-03-03,INS_04
2026-03-04,MKT_02,MKT_02_STL_025,SCL_0139,1000,1000,Y,2016-04-05,INS_02
2026-01-22,MKT_02,MKT_02_STL_025,SCL_0140,1000,998,Y,2025-08-08,INS_04
2026-02-28,MKT_02,MKT_02_STL_025,SCL_0140,1000,998,Y,2025-06-18,INS_03
2026-03-14,MKT_02,MKT_02_STL_025,SCL_0140,1000,998,Y,2025-10-09,INS_04
2026-01-05,MKT_02,MKT_02_STL_026,SCL_0141,1000,1001,Y,2025-10-07,INS_01
2026-02-03,MKT_02,MKT_02_STL_026,SCL_0141,1000,999,Y,2025-07-09,INS_02
2026-02-27,MKT_02,MKT_02_STL_026,SCL_0141,1000,1001,Y,2015-10-13,INS_05
2026-01-08,MKT_02,MKT_02_STL_026,SCL_0142,1000,999,Y,2025-07-13,INS_03
2026-01-27,MKT_02,MKT_02_STL_026,SCL_0142,1000,998,Y,2019-03-17,INS_03
2026-03-14,MKT_02,MKT_02_STL_026,SCL_0142,1000,1000,Y,2025-12-10,INS_01
2026-01-17,MKT_02,MKT_02_STL_026,SCL_0143,1000,1001,Y,2025-08-03,INS_02
2026-01-19,MKT_02,MKT_02_STL_026,SCL_0143,1000,1001,Y,2019-06-16,INS_04
2026-02-01,MKT_02,MKT_02_STL_026,SCL_0143,1000,1001,Y,2025-08-13,INS_01
2026-02-17,MKT_02,MKT_02_STL_026,SCL_0144,1000,998,Y,2025-05-29,INS_01
2026-02-28,MKT_02,MKT_02_STL_026,SCL_0144,1000,998,Y,2025-07-10,INS_03
2026-03-04,MKT_02,MKT_02_STL_026,SCL_0144,1000,999,Y,2025-08-21,INS_04
2026-02-13,MKT_02,MKT_02_STL_027,SCL_0145,1000,1026,Y,2025-12-21,INS_04
2026-03-12,MKT_02,MKT_02_STL_027,SCL_0145,1000,1006,N,2019-10-23,INS_04
2026-03-15,MKT_02,MKT_02_STL_027,SCL_0145,1000,1005,N,2025-07-09,INS_04
2026-01-17,MKT_02,MKT_02_STL_027,SCL_0146,1000,998,N,2025-08-12,INS_03
2026-03-25,MKT_02,MKT_02_STL_027,SCL_0146,1000,998,Y,2025-09-20,INS_02
2026-03-30,MKT_02,MKT_02_STL_027,SCL_0146,1000,1001,N,2026-01-11,INS_02
2026-01-10,MKT_02,MKT_02_STL_027,SCL_0147,1000,1001,Y,2018-11-25,INS_05
2026-01-17,MKT_02,MKT_02_STL_027,SCL_0147,1000,1001,N,2025-04-18,INS_01
2026-03-03,MKT_02,MKT_02_STL_027,SCL_0147,1000,998,Y,2025-12-11,INS_04
2026-01-18,MKT_02,MKT_02_STL_028,SCL_0148,1000,999,N,2018-02-27,INS_02
2026-02-08,MKT_02,MKT_02_STL_028,SCL_0148,1000,1001,Y,2025-09-22,INS_02
2026-02-17,MKT_02,MKT_02_STL_028,SCL_0148,1000,1001,Y,2025-06-06,INS_02
2026-01-12,MKT_02,MKT_02_STL_028,SCL_0149,1000,1001,Y,2025-05-08,INS_05
2026-01-13,MKT_02,MKT_02_STL_028,SCL_0149,1000,999,Y,2025-11-01,INS_02
2026-01-18,MKT_02,MKT_02_STL_028,SCL_0149,1000,1000,Y,2025-12-06,INS_05
2026-01-27,MKT_02,MKT_02_STL_028,SCL_0150,1000,999,Y,2025-07-30,INS_05
2026-02-08,MKT_02,MKT_02_STL_028,SCL_0150,1000,1001,Y,2025-09-08,INS_02
2026-03-26,MKT_02,MKT_02_STL_028,SCL_0150,1000,998,Y,2026-02-18,INS_05
2026-01-17,MKT_02,MKT_02_STL_029,SCL_0151,1000,1001,Y,2025-09-21,INS_05
2026-02-10,MKT_02,MKT_02_STL_029,SCL_0151,1000,998,Y,2026-01-04,INS_01
2026-02-19,MKT_02,MKT_02_STL_029,SCL_0151,1000,998,Y,2025-07-01,INS_01
2026-02-23,MKT_02,MKT_02_STL_029,SCL_0152,1000,998,Y,2025-11-07,INS_04
2026-03-06,MKT_02,MKT_02_STL_029,SCL_0152,1000,998,Y,2025-10-23,INS_03
2026-03-22,MKT_02,MKT_02_STL_029,SCL_0152,1000,1000,Y,2026-01-18,INS_02
2026-01-08,MKT_02,MKT_02_STL_029,SCL_0153,1000,998,Y,2025-11-11,INS_04
2026-01-31,MKT_02,MKT_02_STL_029,SCL_0153,1000,998,Y,2015-10-09,INS_02
2026-02-25,MKT_02,MKT_02_STL_029,SCL_0153,1000,1001,Y,2025-05-04,INS_02
2026-01-22,MKT_02,MKT_02_STL_030,SCL_0154,1000,1012,N,2025-12-08,INS_03
2026-02-03,MKT_02,MKT_02_STL_030,SCL_0154,1000,1022,N,2016-06-22,INS_04
2026-02-17,MKT_02,MKT_02_STL_030,SCL_0154,1000,1045,N,2017-07-21,INS_05
2026-01-08,MKT_02,MKT_02_STL_030,SCL_0155,1000,1021,N,2025-02-19,INS_02
2026-03-05,MKT_02,MKT_02_STL_030,SCL_0155,1000,1019,Y,2026-02-02,INS_01
2026-03-14,MKT_02,MKT_02_STL_030,SCL_0155,1000,1020,N,2017-01-15,INS_01
2026-01-05,MKT_02,MKT_02_STL_030,SCL_0156,1000,999,Y,2025-05-07,INS_04
2026-01-20,MKT_02,MKT_02_STL_030,SCL_0156,1000,1000,Y,2025-06-14,INS_03
2026-01-23,MKT_02,MKT_02_STL_030,SCL_0156,1000,999,Y,2025-04-04,INS_01
2026-01-09,MKT_02,MKT_02_STL_030,SCL_0157,1000,1000,N,2017-07-24,INS_03
2026-02-21,MKT_02,MKT_02_STL_030,SCL_0157,1000,1000,Y,2025-08-20,INS_02
2026-03-01,MKT_02,MKT_02_STL_030,SCL_0157,1000,1001,Y,2025-05-23,INS_02
2026-01-26,MKT_03,MKT_03_STL_001,SCL_0158,1000,1006,N,2016-12-10,INS_04
2026-02-01,MKT_03,MKT_03_STL_001,SCL_0158,1000,1026,N,2018-09-08,INS_01
2026-03-11,MKT_03,MKT_03_STL_001,SCL_0158,1000,1011,N,2016-05-02,INS_03
2026-01-08,MKT_03,MKT_03_STL_001,SCL_0159,1000,1038,N,2017-02-01,INS_02
2026-01-19,MKT_03,MKT_03_STL_001,SCL_0159,1000,1042,N,2015-10-01,INS_01
2026-02-05,MKT_03,MKT_03_STL_001,SCL_0159,1000,1009,N,2015-05-08,INS_04
2026-01-17,MKT_03,MKT_03_STL_002,SCL_0160,1000,1001,Y,2025-07-04,INS_03
2026-01-31,MKT_03,MKT_03_STL_002,SCL_0160,1000,999,Y,2016-02-20,INS_03
2026-02-07,MKT_03,MKT_03_STL_002,SCL_0160,1000,998,Y,2015-12-03,INS_05
2026-01-16,MKT_03,MKT_03_STL_002,SCL_0161,1000,1001,Y,2025-08-04,INS_02
2026-02-10,MKT_03,MKT_03_STL_002,SCL_0161,1000,999,Y,2025-08-09,INS_01
2026-02-22,MKT_03,MKT_03_STL_002,SCL_0161,1000,998,Y,2025-08-09,INS_05
2026-02-01,MKT_03,MKT_03_STL_003,SCL_0162,1000,1000,N,2025-10-05,INS_03
2026-02-15,MKT_03,MKT_03_STL_003,SCL_0162,1000,1001,N,2025-09-11,INS_04
2026-02-20,MKT_03,MKT_03_STL_003,SCL_0162,1000,999,Y,2015-05-07,INS_01
2026-01-17,MKT_03,MKT_03_STL_003,SCL_0163,1000,998,Y,2025-08-08,INS_03
2026-01-26,MKT_03,MKT_03_STL_003,SCL_0163,1000,998,Y,2025-09-17,INS_01
2026-01-29,MKT_03,MKT_03_STL_003,SCL_0163,1000,999,Y,2019-10-02,INS_04
2026-01-06,MKT_03,MKT_03_STL_004,SCL_0164,1000,999,Y,2025-04-30,INS_01
2026-01-16,MKT_03,MKT_03_STL_004,SCL_0164,1000,1001,Y,2018-10-31,INS_04
2026-02-12,MKT_03,MKT_03_STL_004,SCL_0164,1000,999,Y,2025-08-26,INS_03
2026-01-05,MKT_03,MKT_03_STL_005,SCL_0165,1000,1000,N,2025-04-05,INS_02
2026-01-20,MKT_03,MKT_03_STL_005,SCL_0165,1000,1001,Y,2016-02-13,INS_03
2026-03-20,MKT_03,MKT_03_STL_005,SCL_0165,1000,999,Y,2026-02-09,INS_05
2026-02-15,MKT_03,MKT_03_STL_005,SCL_0166,1000,1000,N,2025-10-16,INS_03
2026-03-03,MKT_03,MKT_03_STL_005,SCL_0166,1000,999,Y,2019-07-19,INS_05
2026-03-11,MKT_03,MKT_03_STL_005,SCL_0166,1000,1001,Y,2025-10-13,INS_01
2026-01-13,MKT_03,MKT_03_STL_006,SCL_0167,1000,998,Y,2025-08-24,INS_05
2026-02-01,MKT_03,MKT_03_STL_006,SCL_0167,1000,1000,Y,2025-10-06,INS_04
2026-03-26,MKT_03,MKT_03_STL_006,SCL_0167,1000,1000,Y,2025-08-25,INS_05
2026-01-04,MKT_03,MKT_03_STL_006,SCL_0168,1000,999,Y,2025-08-31,INS_05
2026-02-15,MKT_03,MKT_03_STL_006,SCL_0168,1000,1000,N,2015-03-19,INS_04
2026-03-31,MKT_03,MKT_03_STL_006,SCL_0168,1000,999,N,2017-09-05,INS_02
2026-01-17,MKT_03,MKT_03_STL_007,SCL_0169,1000,1000,Y,2015-10-30,INS_02
2026-01-26,MKT_03,MKT_03_STL_007,SCL_0169,1000,998,Y,2025-06-24,INS_02
2026-03-20,MKT_03,MKT_03_STL_007,SCL_0169,1000,1001,Y,2025-08-30,INS_03
2026-01-18,MKT_03,MKT_03_STL_008,SCL_0170,1000,1000,Y,2018-02-24,INS_04
2026-01-21,MKT_03,MKT_03_STL_008,SCL_0170,1000,1000,Y,2025-09-24,INS_05
2026-02-25,MKT_03,MKT_03_STL_008,SCL_0170,1000,999,Y,2015-01-04,INS_03
2026-02-20,MKT_03,MKT_03_STL_008,SCL_0171,1000,1025,N,2025-03-14,INS_05
2026-03-14,MKT_03,MKT_03_STL_008,SCL_0171,1000,1011,N,2025-12-02,INS_05
2026-03-15,MKT_03,MKT_03_STL_008,SCL_0171,1000,1020,N,2016-10-16,INS_01
2026-01-12,MKT_03,MKT_03_STL_009,SCL_0172,1000,1001,Y,2016-03-05,INS_03
2026-03-23,MKT_03,MKT_03_STL_009,SCL_0172,1000,1000,Y,2025-12-28,INS_01
2026-03-27,MKT_03,MKT_03_STL_009,SCL_0172,1000,1001,Y,2025-07-26,INS_01
2026-02-18,MKT_03,MKT_03_STL_010,SCL_0173,1000,998,Y,2025-09-26,INS_04
2026-02-22,MKT_03,MKT_03_STL_010,SCL_0173,1000,998,Y,2025-08-13,INS_01
2026-03-05,MKT_03,MKT_03_STL_010,SCL_0173,1000,998,Y,2025-07-26,INS_01
2026-01-10,MKT_03,MKT_03_STL_011,SCL_0174,1000,1001,Y,2025-05-05,INS_05
2026-01-12,MKT_03,MKT_03_STL_011,SCL_0174,1000,1001,Y,2015-07-27,INS_02
2026-03-12,MKT_03,MKT_03_STL_011,SCL_0174,1000,1001,Y,2025-09-28,INS_02
2026-01-13,MKT_03,MKT_03_STL_012,SCL_0175,1000,1040,Y,2025-09-27,INS_05
2026-01-31,MKT_03,MKT_03_STL_012,SCL_0175,1000,1032,N,2019-08-15,INS_01
2026-02-08,MKT_03,MKT_03_STL_012,SCL_0175,1000,1035,N,2015-02-22,INS_05
2026-01-11,MKT_03,MKT_03_STL_013,SCL_0176,1000,1000,Y,2025-04-15,INS_01
2026-02-07,MKT_03,MKT_03_STL_013,SCL_0176,1000,998,Y,2025-06-24,INS_03
2026-03-23,MKT_03,MKT_03_STL_013,SCL_0176,1000,1000,Y,2015-04-02,INS_04
2026-01-29,MKT_03,MKT_03_STL_013,SCL_0177,1000,998,Y,2018-11-27,INS_05
2026-02-03,MKT_03,MKT_03_STL_013,SCL_0177,1000,1000,Y,2025-06-07,INS_01
2026-03-01,MKT_03,MKT_03_STL_013,SCL_0177,1000,999,Y,2025-07-16,INS_05
2026-02-23,MKT_03,MKT_03_STL_014,SCL_0178,1000,999,Y,2025-12-15,INS_04
2026-03-10,MKT_03,MKT_03_STL_014,SCL_0178,1000,999,Y,2019-03-31,INS_01
2026-03-29,MKT_03,MKT_03_STL_014,SCL_0178,1000,999,N,2025-12-25,INS_02
2026-01-11,MKT_03,MKT_03_STL_014,SCL_0179,1000,1000,N,2025-11-08,INS_02
2026-02-25,MKT_03,MKT_03_STL_014,SCL_0179,1000,1001,Y,2025-09-07,INS_05
2026-03-29,MKT_03,MKT_03_STL_014,SCL_0179,1000,1001,Y,2015-11-03,INS_01
2026-01-13,MKT_03,MKT_03_STL_015,SCL_0180,1000,998,Y,2025-06-21,INS_05
2026-03-16,MKT_03,MKT_03_STL_015,SCL_0180,1000,1001,N,2025-06-17,INS_03
2026-03-17,MKT_03,MKT_03_STL_015,SCL_0180,1000,1001,Y,2018-05-31,INS_03
2026-01-05,MKT_03,MKT_03_STL_015,SCL_0181,1000,999,Y,2017-08-31,INS_03
2026-02-20,MKT_03,MKT_03_STL_015,SCL_0181,1000,998,Y,2025-08-19,INS_03
2026-02-21,MKT_03,MKT_03_STL_015,SCL_0181,1000,998,Y,2025-09-28,INS_04
2026-02-04,MKT_03,MKT_03_STL_016,SCL_0182,1000,998,Y,2016-03-08,INS_05
2026-02-11,MKT_03,MKT_03_STL_016,SCL_0182,1000,1001,Y,2025-07-05,INS_04
2026-02-26,MKT_03,MKT_03_STL_016,SCL_0182,1000,999,Y,2018-12-24,INS_05
2026-01-18,MKT_03,MKT_03_STL_017,SCL_0183,1000,1017,Y,2025-08-14,INS_02
2026-03-09,MKT_03,MKT_03_STL_017,SCL_0183,1000,1028,N,2025-09-20,INS_01
2026-03-14,MKT_03,MKT_03_STL_017,SCL_0183,1000,1037,N,2015-09-11,INS_04
2026-01-31,MKT_03,MKT_03_STL_017,SCL_0184,1000,1001,Y,2025-07-06,INS_02
2026-02-17,MKT_03,MKT_03_STL_017,SCL_0184,1000,998,N,2025-07-05,INS_03
2026-03-04,MKT_03,MKT_03_STL_017,SCL_0184,1000,999,Y,2025-10-10,INS_05
2026-02-04,MKT_03,MKT_03_STL_018,SCL_0185,1000,1001,Y,2025-10-09,INS_01
2026-02-22,MKT_03,MKT_03_STL_018,SCL_0185,1000,999,Y,2025-08-20,INS_01
2026-03-25,MKT_03,MKT_03_STL_018,SCL_0185,1000,1001,Y,2025-08-29,INS_03
2026-01-28,MKT_03,MKT_03_STL_019,SCL_0186,1000,1001,Y,2025-12-26,INS_05
2026-02-08,MKT_03,MKT_03_STL_019,SCL_0186,1000,1000,Y,2025-11-15,INS_03
2026-03-01,MKT_03,MKT_03_STL_019,SCL_0186,1000,1000,Y,2025-09-11,INS_03
2026-01-25,MKT_03,MKT_03_STL_020,SCL_0187,1000,1008,N,2025-02-22,INS_02
2026-02-08,MKT_03,MKT_03_STL_020,SCL_0187,1000,1048,N,2015-02-22,INS_03
2026-03-25,MKT_03,MKT_03_STL_020,SCL_0187,1000,1021,N,2025-07-31,INS_03
2026-01-05,MKT_03,MKT_03_STL_021,SCL_0188,1000,999,Y,2025-04-07,INS_03
2026-03-15,MKT_03,MKT_03_STL_021,SCL_0188,1000,1000,Y,2025-11-13,INS_03
2026-03-16,MKT_03,MKT_03_STL_021,SCL_0188,1000,999,Y,2025-11-13,INS_04
2026-01-12,MKT_03,MKT_03_STL_021,SCL_0189,1000,1000,Y,2025-06-27,INS_02
2026-02-12,MKT_03,MKT_03_STL_021,SCL_0189,1000,1000,Y,2025-11-14,INS_05
2026-03-25,MKT_03,MKT_03_STL_021,SCL_0189,1000,998,Y,2025-11-16,INS_05
2026-02-18,MKT_03,MKT_03_STL_022,SCL_0190,1000,999,Y,2016-02-15,INS_01
2026-03-09,MKT_03,MKT_03_STL_022,SCL_0190,1000,1001,Y,2019-11-02,INS_05
2026-03-29,MKT_03,MKT_03_STL_022,SCL_0190,1000,1001,Y,2025-11-29,INS_01
2026-01-01,MKT_03,MKT_03_STL_022,SCL_0191,1000,999,Y,2025-10-18,INS_02
2026-01-08,MKT_03,MKT_03_STL_022,SCL_0191,1000,1001,Y,2025-04-09,INS_04
2026-02-27,MKT_03,MKT_03_STL_022,SCL_0191,1000,999,Y,2026-01-21,INS_01
2026-01-03,MKT_03,MKT_03_STL_023,SCL_0192,1000,999,Y,2025-06-11,INS_02
2026-01-25,MKT_03,MKT_03_STL_023,SCL_0192,1000,1001,Y,2025-07-23,INS_01
2026-03-09,MKT_03,MKT_03_STL_023,SCL_0192,1000,1000,Y,2025-06-19,INS_01
2026-02-13,MKT_03,MKT_03_STL_023,SCL_0193,1000,1000,Y,2025-05-09,INS_02
2026-03-09,MKT_03,MKT_03_STL_023,SCL_0193,1000,999,N,2025-07-16,INS_02
2026-03-18,MKT_03,MKT_03_STL_023,SCL_0193,1000,999,Y,2026-02-05,INS_02
2026-01-16,MKT_03,MKT_03_STL_024,SCL_0194,1000,1001,Y,2025-08-09,INS_01
2026-01-22,MKT_03,MKT_03_STL_024,SCL_0194,1000,998,Y,2025-11-29,INS_05
2026-02-16,MKT_03,MKT_03_STL_024,SCL_0194,1000,998,Y,2025-06-18,INS_01
2026-01-16,MKT_03,MKT_03_STL_025,SCL_0195,1000,999,Y,2025-12-13,INS_02
2026-02-02,MKT_03,MKT_03_STL_025,SCL_0195,1000,1000,Y,2025-10-25,INS_01
2026-03-12,MKT_03,MKT_03_STL_025,SCL_0195,1000,998,Y,2025-12-18,INS_01
2026-01-26,MKT_03,MKT_03_STL_026,SCL_0196,1000,1000,Y,2025-07-29,INS_02
2026-02-03,MKT_03,MKT_03_STL_026,SCL_0196,1000,1001,Y,2025-05-03,INS_05
2026-03-19,MKT_03,MKT_03_STL_026,SCL_0196,1000,998,Y,2025-12-23,INS_01
2026-01-20,MKT_03,MKT_03_STL_026,SCL_0197,1000,998,Y,2025-10-31,INS_05
2026-03-05,MKT_03,MKT_03_STL_026,SCL_0197,1000,1001,Y,2025-09-05,INS_02
2026-03-27,MKT_03,MKT_03_STL_026,SCL_0197,1000,998,Y,2026-02-05,INS_01
2026-02-10,MKT_03,MKT_03_STL_027,SCL_0198,1000,998,N,2025-12-19,INS_01
2026-02-16,MKT_03,MKT_03_STL_027,SCL_0198,1000,999,Y,2025-06-07,INS_02
2026-03-28,MKT_03,MKT_03_STL_027,SCL_0198,1000,998,Y,2025-09-04,INS_03
2026-02-04,MKT_03,MKT_03_STL_028,SCL_0199,1000,1001,Y,2025-10-12,INS_04
2026-02-21,MKT_03,MKT_03_STL_028,SCL_0199,1000,999,Y,2018-04-24,INS_01
2026-02-28,MKT_03,MKT_03_STL_028,SCL_0199,1000,1001,Y,2017-02-16,INS_05
2026-01-04,MKT_03,MKT_03_STL_028,SCL_0200,1000,1001,Y,2025-10-09,INS_02
2026-03-20,MKT_03,MKT_03_STL_028,SCL_0200,1000,998,Y,2018-09-03,INS_04
2026-03-29,MKT_03,MKT_03_STL_028,SCL_0200,1000,999,Y,2025-09-07,INS_05
2026-03-21,MKT_03,MKT_03_STL_029,SCL_0201,1000,1035,N,2018-10-17,INS_02
2026-03-30,MKT_03,MKT_03_STL_029,SCL_0201,1000,1040,Y,2025-04-21,INS_02
2026-03-31,MKT_03,MKT_03_STL_029,SCL_0201,1000,1037,N,2025-06-21,INS_02
2026-01-10,MKT_03,MKT_03_STL_029,SCL_0202,1000,998,Y,2025-06-01,INS_03
2026-02-11,MKT_03,MKT_03_STL_029,SCL_0202,1000,998,N,2025-05-28,INS_02
2026-03-04,MKT_03,MKT_03_STL_029,SCL_0202,1000,1001,Y,2025-05-24,INS_04
2026-01-03,MKT_03,MKT_03_STL_030,SCL_0203,1000,998,Y,2025-07-02,INS_05
2026-01-14,MKT_03,MKT_03_STL_030,SCL_0203,1000,999,Y,2025-04-26,INS_05
2026-02-21,MKT_03,MKT_03_STL_030,SCL_0203,1000,998,Y,2025-06-04,INS_03
2026-03-02,MKT_03,MKT_03_STL_030,SCL_0204,1000,1001,Y,2019-04-05,INS_03
2026-03-18,MKT_03,MKT_03_STL_030,SCL_0204,1000,1000,Y,2025-09-20,INS_01
2026-03-21,MKT_03,MKT_03_STL_030,SCL_0204,1000,998,Y,2015-12-03,INS_03
2026-01-14,MKT_03,MKT_03_STL_031,SCL_0205,1000,998,Y,2025-05-28,INS_02
2026-02-02,MKT_03,MKT_03_STL_031,SCL_0205,1000,1000,N,2017-04-28,INS_02
2026-02-22,MKT_03,MKT_03_STL_031,SCL_0205,1000,998,Y,2025-06-07,INS_05
2026-01-18,MKT_03,MKT_03_STL_032,SCL_0206,1000,998,Y,2025-05-12,INS_01
2026-03-06,MKT_03,MKT_03_STL_032,SCL_0206,1000,999,Y,2025-11-08,INS_04
2026-03-17,MKT_03,MKT_03_STL_032,SCL_0206,1000,998,Y,2025-09-04,INS_02
2026-02-19,MKT_03,MKT_03_STL_032,SCL_0207,1000,1000,Y,2025-07-29,INS_02
2026-02-23,MKT_03,MKT_03_STL_032,SCL_0207,1000,999,Y,2018-05-18,INS_04
2026-03-19,MKT_03,MKT_03_STL_032,SCL_0207,1000,1000,Y,2025-09-10,INS_05
2026-01-28,MKT_03,MKT_03_STL_033,SCL_0208,1000,1000,Y,2025-10-23,INS_05
2026-03-12,MKT_03,MKT_03_STL_033,SCL_0208,1000,1000,Y,2025-08-14,INS_02
2026-03-22,MKT_03,MKT_03_STL_033,SCL_0208,1000,1001,Y,2025-09-27,INS_05
2026-01-02,MKT_04,MKT_04_STL_001,SCL_0209,1000,1014,N,2015-04-26,INS_04
2026-02-24,MKT_04,MKT_04_STL_001,SCL_0209,1000,1023,N,2025-11-12,INS_02
2026-03-08,MKT_04,MKT_04_STL_001,SCL_0209,1000,1018,N,2026-01-21,INS_03
2026-01-14,MKT_04,MKT_04_STL_002,SCL_0210,1000,999,Y,2025-05-30,INS_05
2026-02-27,MKT_04,MKT_04_STL_002,SCL_0210,1000,998,Y,2025-07-14,INS_03
2026-03-20,MKT_04,MKT_04_STL_002,SCL_0210,1000,998,Y,2016-05-29,INS_03
2026-01-29,MKT_04,MKT_04_STL_002,SCL_0211,1000,999,Y,2025-09-22,INS_03
2026-02-26,MKT_04,MKT_04_STL_002,SCL_0211,1000,998,Y,2015-12-22,INS_02
2026-03-23,MKT_04,MKT_04_STL_002,SCL_0211,1000,1001,Y,2016-07-25,INS_01
2026-01-17,MKT_04,MKT_04_STL_002,SCL_0212,1000,1000,N,2025-09-30,INS_01
2026-01-21,MKT_04,MKT_04_STL_002,SCL_0212,1000,998,Y,2025-07-21,INS_03
2026-03-16,MKT_04,MKT_04_STL_002,SCL_0212,1000,1000,Y,2018-12-20,INS_05
2026-01-24,MKT_04,MKT_04_STL_003,SCL_0213,1000,1015,N,2018-01-04,INS_05
2026-01-29,MKT_04,MKT_04_STL_003,SCL_0213,1000,1019,N,2025-07-14,INS_03
2026-03-08,MKT_04,MKT_04_STL_003,SCL_0213,1000,1018,N,2025-03-27,INS_03
2026-01-02,MKT_04,MKT_04_STL_003,SCL_0214,1000,1033,N,2018-08-08,INS_03
2026-03-13,MKT_04,MKT_04_STL_003,SCL_0214,1000,1020,N,2025-08-31,INS_05
2026-03-25,MKT_04,MKT_04_STL_003,SCL_0214,1000,1029,N,2019-01-22,INS_01
2026-02-17,MKT_04,MKT_04_STL_003,SCL_0215,1000,1001,Y,2018-08-27,INS_04
2026-03-07,MKT_04,MKT_04_STL_003,SCL_0215,1000,998,Y,2025-11-12,INS_05
2026-03-08,MKT_04,MKT_04_STL_003,SCL_0215,1000,998,Y,2025-10-22,INS_05
2026-01-28,MKT_04,MKT_04_STL_004,SCL_0216,1000,1001,Y,2025-11-23,INS_02
2026-02-24,MKT_04,MKT_04_STL_004,SCL_0216,1000,998,N,2025-08-09,INS_02
2026-03-29,MKT_04,MKT_04_STL_004,SCL_0216,1000,998,Y,2016-05-30,INS_01
2026-01-30,MKT_04,MKT_04_STL_004,SCL_0217,1000,1001,Y,2025-12-23,INS_04
2026-02-03,MKT_04,MKT_04_STL_004,SCL_0217,1000,998,Y,2025-12-03,INS_01
2026-03-15,MKT_04,MKT_04_STL_004,SCL_0217,1000,998,Y,2026-01-07,INS_05
2026-01-14,MKT_04,MKT_04_STL_004,SCL_0218,1000,998,Y,2025-05-05,INS_03
2026-02-07,MKT_04,MKT_04_STL_004,SCL_0218,1000,1001,Y,2016-03-26,INS_01
2026-03-06,MKT_04,MKT_04_STL_004,SCL_0218,1000,1000,Y,2025-11-23,INS_04
2026-01-02,MKT_04,MKT_04_STL_005,SCL_0219,1000,999,Y,2015-01-11,INS_05
2026-02-17,MKT_04,MKT_04_STL_005,SCL_0219,1000,998,Y,2025-07-26,INS_04
2026-03-24,MKT_04,MKT_04_STL_005,SCL_0219,1000,999,Y,2016-03-28,INS_05
2026-01-15,MKT_04,MKT_04_STL_005,SCL_0220,1000,1008,N,2025-03-10,INS_05
2026-01-25,MKT_04,MKT_04_STL_005,SCL_0220,1000,1009,N,2015-05-18,INS_05
2026-02-02,MKT_04,MKT_04_STL_005,SCL_0220,1000,1042,N,2016-11-08,INS_02
2026-01-31,MKT_04,MKT_04_STL_006,SCL_0221,1000,1009,N,2025-07-23,INS_05
2026-03-25,MKT_04,MKT_04_STL_006,SCL_0221,1000,1044,N,2025-04-30,INS_03
2026-03-27,MKT_04,MKT_04_STL_006,SCL_0221,1000,1028,N,2025-07-21,INS_05
2026-01-29,MKT_04,MKT_04_STL_006,SCL_0222,1000,1000,Y,2025-10-23,INS_04
2026-02-01,MKT_04,MKT_04_STL_006,SCL_0222,1000,1001,Y,2025-07-03,INS_03
2026-02-10,MKT_04,MKT_04_STL_006,SCL_0222,1000,998,N,2018-05-27,INS_04
2026-01-18,MKT_04,MKT_04_STL_006,SCL_0223,1000,1009,N,2025-04-04,INS_01
2026-02-05,MKT_04,MKT_04_STL_006,SCL_0223,1000,1042,N,2018-04-23,INS_05
2026-03-10,MKT_04,MKT_04_STL_006,SCL_0223,1000,1040,N,2018-01-10,INS_01
2026-01-20,MKT_04,MKT_04_STL_007,SCL_0224,1000,1000,Y,2017-10-23,INS_05
2026-02-16,MKT_04,MKT_04_STL_007,SCL_0224,1000,1000,Y,2025-09-17,INS_04
2026-02-20,MKT_04,MKT_04_STL_007,SCL_0224,1000,999,Y,2025-11-11,INS_05
2026-01-23,MKT_04,MKT_04_STL_007,SCL_0225,1000,1001,Y,2025-12-04,INS_02
2026-03-14,MKT_04,MKT_04_STL_007,SCL_0225,1000,999,Y,2017-01-26,INS_04
2026-03-26,MKT_04,MKT_04_STL_007,SCL_0225,1000,1000,Y,2025-07-07,INS_02
2026-01-06,MKT_04,MKT_04_STL_007,SCL_0226,1000,1045,N,2025-07-26,INS_05
2026-02-11,MKT_04,MKT_04_STL_007,SCL_0226,1000,1016,N,2017-02-14,INS_05
2026-03-25,MKT_04,MKT_04_STL_007,SCL_0226,1000,1038,N,2016-04-01,INS_01
2026-02-14,MKT_04,MKT_04_STL_008,SCL_0227,1000,998,Y,2025-11-05,INS_05
2026-02-15,MKT_04,MKT_04_STL_008,SCL_0227,1000,998,Y,2025-08-26,INS_02
2026-03-04,MKT_04,MKT_04_STL_008,SCL_0227,1000,999,Y,2025-12-04,INS_02
2026-01-15,MKT_04,MKT_04_STL_008,SCL_0228,1000,1001,Y,2025-09-25,INS_04
2026-02-12,MKT_04,MKT_04_STL_008,SCL_0228,1000,998,Y,2025-11-09,INS_04
2026-02-23,MKT_04,MKT_04_STL_008,SCL_0228,1000,999,Y,2026-01-04,INS_02
2026-01-08,MKT_04,MKT_04_STL_009,SCL_0229,1000,1001,Y,2025-11-30,INS_02
2026-01-19,MKT_04,MKT_04_STL_009,SCL_0229,1000,998,Y,2025-04-23,INS_03
2026-01-22,MKT_04,MKT_04_STL_009,SCL_0229,1000,999,Y,2025-10-11,INS_02
2026-01-24,MKT_04,MKT_04_STL_009,SCL_0230,1000,1000,Y,2025-11-20,INS_02
2026-03-21,MKT_04,MKT_04_STL_009,SCL_0230,1000,999,Y,2016-02-19,INS_04
2026-03-26,MKT_04,MKT_04_STL_009,SCL_0230,1000,1001,Y,2026-01-06,INS_05
2026-01-05,MKT_04,MKT_04_STL_009,SCL_0231,1000,998,Y,2018-09-12,INS_05
2026-03-18,MKT_04,MKT_04_STL_009,SCL_0231,1000,998,Y,2025-07-11,INS_05
2026-03-20,MKT_04,MKT_04_STL_009,SCL_0231,1000,998,Y,2025-07-14,INS_03
2026-02-14,MKT_04,MKT_04_STL_010,SCL_0232,1000,998,Y,2025-09-07,INS_05
2026-02-18,MKT_04,MKT_04_STL_010,SCL_0232,1000,998,Y,2025-06-24,INS_02
2026-03-03,MKT_04,MKT_04_STL_010,SCL_0232,1000,998,Y,2025-12-03,INS_01
2026-01-27,MKT_04,MKT_04_STL_010,SCL_0233,1000,1001,Y,2025-10-10,INS_03
2026-02-18,MKT_04,MKT_04_STL_010,SCL_0233,1000,1000,Y,2025-06-17,INS_05
2026-03-25,MKT_04,MKT_04_STL_010,SCL_0233,1000,1000,Y,2025-08-04,INS_05
2026-02-22,MKT_04,MKT_04_STL_011,SCL_0234,1000,1001,Y,2025-08-19,INS_03
2026-03-12,MKT_04,MKT_04_STL_011,SCL_0234,1000,999,Y,2025-12-12,INS_04
2026-03-13,MKT_04,MKT_04_STL_011,SCL_0234,1000,999,Y,2017-11-07,INS_04
2026-02-13,MKT_04,MKT_04_STL_011,SCL_0235,1000,999,Y,2026-01-12,INS_01
2026-03-12,MKT_04,MKT_04_STL_011,SCL_0235,1000,1001,N,2025-07-03,INS_02
2026-03-20,MKT_04,MKT_04_STL_011,SCL_0235,1000,999,Y,2026-01-30,INS_03
2026-02-21,MKT_04,MKT_04_STL_012,SCL_0236,1000,998,Y,2025-10-25,INS_05
2026-03-20,MKT_04,MKT_04_STL_012,SCL_0236,1000,998,Y,2025-05-29,INS_04
2026-03-25,MKT_04,MKT_04_STL_012,SCL_0236,1000,999,Y,2026-02-05,INS_01
2026-01-01,MKT_04,MKT_04_STL_013,SCL_0237,1000,1030,N,2017-03-20,INS_03
2026-01-21,MKT_04,MKT_04_STL_013,SCL_0237,1000,1038,Y,2018-12-12,INS_02
2026-03-25,MKT_04,MKT_04_STL_013,SCL_0237,1000,1040,N,2019-08-27,INS_01
2026-02-05,MKT_04,MKT_04_STL_014,SCL_0238,1000,1001,Y,2026-01-04,INS_02
2026-02-14,MKT_04,MKT_04_STL_014,SCL_0238,1000,998,Y,2025-05-03,INS_04
2026-03-16,MKT_04,MKT_04_STL_014,SCL_0238,1000,1000,Y,2025-10-09,INS_01
2026-02-18,MKT_04,MKT_04_STL_014,SCL_0239,1000,1001,Y,2026-01-05,INS_03
2026-03-03,MKT_04,MKT_04_STL_014,SCL_0239,1000,998,Y,2025-10-12,INS_03
2026-03-14,MKT_04,MKT_04_STL_014,SCL_0239,1000,1000,Y,2025-08-16,INS_02
2026-01-02,MKT_04,MKT_04_STL_014,SCL_0240,1000,1001,N,2025-06-11,INS_01
2026-02-03,MKT_04,MKT_04_STL_014,SCL_0240,1000,1001,Y,2025-09-15,INS_02
2026-03-31,MKT_04,MKT_04_STL_014,SCL_0240,1000,999,Y,2025-11-24,INS_03
2026-01-26,MKT_04,MKT_04_STL_015,SCL_0241,1000,999,Y,2025-06-28,INS_02
2026-01-31,MKT_04,MKT_04_STL_015,SCL_0241,1000,998,Y,2025-04-24,INS_01
2026-02-03,MKT_04,MKT_04_STL_015,SCL_0241,1000,998,Y,2025-06-28,INS_05
2026-02-05,MKT_04,MKT_04_STL_015,SCL_0242,1000,1000,N,2025-11-02,INS_05
2026-03-05,MKT_04,MKT_04_STL_015,SCL_0242,1000,1001,Y,2026-01-18,INS_04
2026-03-15,MKT_04,MKT_04_STL_015,SCL_0242,1000,999,Y,2025-12-14,INS_04
2026-02-10,MKT_04,MKT_04_STL_016,SCL_0243,1000,1029,N,2016-10-28,INS_02
2026-02-28,MKT_04,MKT_04_STL_016,SCL_0243,1000,1016,N,2016-04-30,INS_03
2026-03-30,MKT_04,MKT_04_STL_016,SCL_0243,1000,1026,N,2017-10-18,INS_05
2026-02-17,MKT_04,MKT_04_STL_017,SCL_0244,1000,1000,Y,2025-11-12,INS_04
2026-02-23,MKT_04,MKT_04_STL_017,SCL_0244,1000,998,Y,2025-09-26,INS_02
2026-03-31,MKT_04,MKT_04_STL_017,SCL_0244,1000,999,Y,2019-02-21,INS_04
2026-01-02,MKT_04,MKT_04_STL_018,SCL_0245,1000,1000,Y,2025-07-03,INS_05
2026-01-23,MKT_04,MKT_04_STL_018,SCL_0245,1000,998,N,2025-10-02,INS_05
2026-02-23,MKT_04,MKT_04_STL_018,SCL_0245,1000,1001,Y,2025-12-06,INS_03
2026-02-03,MKT_04,MKT_04_STL_019,SCL_0246,1000,1000,Y,2025-06-08,INS_05
2026-02-12,MKT_04,MKT_04_STL_019,SCL_0246,1000,999,Y,2025-10-16,INS_05
2026-02-16,MKT_04,MKT_04_STL_019,SCL_0246,1000,1000,Y,2025-05-01,INS_03
2026-01-11,MKT_04,MKT_04_STL_020,SCL_0247,1000,999,Y,2025-06-23,INS_04
2026-02-18,MKT_04,MKT_04_STL_020,SCL_0247,1000,1001,N,2025-12-14,INS_05
2026-02-27,MKT_04,MKT_04_STL_020,SCL_0247,1000,999,Y,2025-09-01,INS_03
2026-02-20,MKT_04,MKT_04_STL_020,SCL_0248,1000,1000,Y,2025-04-30,INS_04
2026-03-19,MKT_04,MKT_04_STL_020,SCL_0248,1000,999,Y,2015-02-17,INS_04
2026-03-24,MKT_04,MKT_04_STL_020,SCL_0248,1000,1000,Y,2026-01-13,INS_02
2026-01-13,MKT_04,MKT_04_STL_020,SCL_0249,1000,1040,N,2019-04-28,INS_04
2026-01-14,MKT_04,MKT_04_STL_020,SCL_0249,1000,1011,Y,2015-11-15,INS_01
2026-02-20,MKT_04,MKT_04_STL_020,SCL_0249,1000,1024,N,2019-02-19,INS_04
2026-01-17,MKT_04,MKT_04_STL_021,SCL_0250,1000,998,Y,2025-07-05,INS_01
2026-03-09,MKT_04,MKT_04_STL_021,SCL_0250,1000,1000,Y,2025-11-30,INS_04
2026-03-22,MKT_04,MKT_04_STL_021,SCL_0250,1000,999,Y,2025-07-02,INS_05
2026-02-25,MKT_04,MKT_04_STL_022,SCL_0251,1000,1000,Y,2025-05-25,INS_05
2026-03-14,MKT_04,MKT_04_STL_022,SCL_0251,1000,1001,Y,2025-07-16,INS_01
2026-03-23,MKT_04,MKT_04_STL_022,SCL_0251,1000,998,Y,2019-07-28,INS_03
2026-01-18,MKT_04,MKT_04_STL_022,SCL_0252,1000,1001,Y,2025-04-19,INS_01
2026-02-06,MKT_04,MKT_04_STL_022,SCL_0252,1000,1000,Y,2026-01-04,INS_04
2026-02-14,MKT_04,MKT_04_STL_022,SCL_0252,1000,1001,Y,2025-06-06,INS_02
2026-01-21,MKT_04,MKT_04_STL_022,SCL_0253,1000,1000,Y,2018-07-04,INS_02
2026-02-19,MKT_04,MKT_04_STL_022,SCL_0253,1000,1000,Y,2025-09-05,INS_05
2026-03-24,MKT_04,MKT_04_STL_022,SCL_0253,1000,999,Y,2015-08-15,INS_01
2026-02-04,MKT_04,MKT_04_STL_023,SCL_0254,1000,999,N,2025-10-20,INS_04
2026-02-27,MKT_04,MKT_04_STL_023,SCL_0254,1000,998,Y,2015-07-29,INS_05
2026-03-21,MKT_04,MKT_04_STL_023,SCL_0254,1000,1001,N,2025-10-23,INS_02
2026-01-02,MKT_04,MKT_04_STL_023,SCL_0255,1000,1001,Y,2025-04-10,INS_03
2026-01-28,MKT_04,MKT_04_STL_023,SCL_0255,1000,1000,Y,2019-03-18,INS_01
2026-03-05,MKT_04,MKT_04_STL_023,SCL_0255,1000,1000,Y,2025-12-29,INS_01
2026-01-24,MKT_04,MKT_04_STL_024,SCL_0256,1000,998,Y,2025-08-20,INS_01
2026-01-25,MKT_04,MKT_04_STL_024,SCL_0256,1000,999,Y,2025-12-09,INS_04
2026-02-02,MKT_04,MKT_04_STL_024,SCL_0256,1000,999,Y,2025-07-28,INS_01
2026-01-06,MKT_04,MKT_04_STL_024,SCL_0257,1000,998,Y,2025-07-08,INS_05
2026-01-21,MKT_04,MKT_04_STL_024,SCL_0257,1000,999,Y,2025-08-24,INS_01
2026-03-22,MKT_04,MKT_04_STL_024,SCL_0257,1000,998,Y,2016-07-19,INS_03
2026-01-02,MKT_04,MKT_04_STL_024,SCL_0258,1000,1001,Y,2025-09-15,INS_05
2026-02-01,MKT_04,MKT_04_STL_024,SCL_0258,1000,999,Y,2015-07-07,INS_01
2026-02-20,MKT_04,MKT_04_STL_024,SCL_0258,1000,998,Y,2018-08-13,INS_03
2026-01-14,MKT_04,MKT_04_STL_025,SCL_0259,1000,1000,Y,2025-05-05,INS_03
2026-01-17,MKT_04,MKT_04_STL_025,SCL_0259,1000,1001,Y,2025-10-11,INS_01
2026-03-10,MKT_04,MKT_04_STL_025,SCL_0259,1000,1001,Y,2025-09-11,INS_01
2026-01-25,MKT_04,MKT_04_STL_026,SCL_0260,1000,1025,N,2025-08-08,INS_03
2026-03-04,MKT_04,MKT_04_STL_026,SCL_0260,1000,1040,N,2017-12-23,INS_05
2026-03-14,MKT_04,MKT_04_STL_026,SCL_0260,1000,1021,Y,2017-07-18,INS_03
2026-02-18,MKT_04,MKT_04_STL_026,SCL_0261,1000,1000,Y,2025-09-19,INS_01
2026-03-06,MKT_04,MKT_04_STL_026,SCL_0261,1000,1001,Y,2018-10-31,INS_01
2026-03-23,MKT_04,MKT_04_STL_026,SCL_0261,1000,999,Y,2025-09-09,INS_05
2026-01-13,MKT_04,MKT_04_STL_027,SCL_0262,1000,998,Y,2025-10-09,INS_01
2026-01-15,MKT_04,MKT_04_STL_027,SCL_0262,1000,999,N,2016-01-28,INS_01
2026-02-11,MKT_04,MKT_04_STL_027,SCL_0262,1000,1001,Y,2025-04-18,INS_05
2026-01-07,MKT_04,MKT_04_STL_027,SCL_0263,1000,998,Y,2016-03-03,INS_05
2026-02-02,MKT_04,MKT_04_STL_027,SCL_0263,1000,1001,Y,2025-12-03,INS_01
2026-03-17,MKT_04,MKT_04_STL_027,SCL_0263,1000,1000,Y,2026-01-17,INS_04
2026-01-06,MKT_04,MKT_04_STL_028,SCL_0264,1000,998,N,2025-03-17,INS_03
2026-02-04,MKT_04,MKT_04_STL_028,SCL_0264,1000,1001,Y,2017-12-13,INS_02
2026-03-09,MKT_04,MKT_04_STL_028,SCL_0264,1000,999,Y,2025-07-10,INS_05
2026-02-15,MKT_04,MKT_04_STL_028,SCL_0265,1000,998,Y,2016-01-05,INS_04
2026-03-15,MKT_04,MKT_04_STL_028,SCL_0265,1000,1000,Y,2025-07-02,INS_05
2026-03-23,MKT_04,MKT_04_STL_028,SCL_0265,1000,1000,Y,2025-07-25,INS_03
2026-02-11,MKT_04,MKT_04_STL_028,SCL_0266,1000,999,Y,2025-09-04,INS_05
2026-02-25,MKT_04,MKT_04_STL_028,SCL_0266,1000,1001,Y,2026-01-26,INS_04
2026-03-19,MKT_04,MKT_04_STL_028,SCL_0266,1000,998,N,2025-09-16,INS_03
2026-01-28,MKT_04,MKT_04_STL_029,SCL_0267,1000,1040,N,2018-03-14,INS_03
2026-01-29,MKT_04,MKT_04_STL_029,SCL_0267,1000,1011,N,2016-12-29,INS_02
2026-02-10,MKT_04,MKT_04_STL_029,SCL_0267,1000,1028,N,2025-09-06,INS_03
2026-01-12,MKT_04,MKT_04_STL_029,SCL_0268,1000,998,Y,2025-04-10,INS_02
2026-02-08,MKT_04,MKT_04_STL_029,SCL_0268,1000,998,N,2025-08-09,INS_05
2026-03-15,MKT_04,MKT_04_STL_029,SCL_0268,1000,1001,Y,2015-04-25,INS_05
2026-02-12,MKT_04,MKT_04_STL_030,SCL_0269,1000,999,Y,2026-01-08,INS_01
2026-02-14,MKT_04,MKT_04_STL_030,SCL_0269,1000,998,Y,2025-12-25,INS_04
2026-02-25,MKT_04,MKT_04_STL_030,SCL_0269,1000,999,Y,2025-10-05,INS_05
2026-02-20,MKT_04,MKT_04_STL_030,SCL_0270,1000,998,Y,2025-08-26,INS_05
2026-02-27,MKT_04,MKT_04_STL_030,SCL_0270,1000,999,Y,2025-05-30,INS_02
2026-03-28,MKT_04,MKT_04_STL_030,SCL_0270,1000,1001,Y,2025-08-06,INS_01
2026-01-17,MKT_04,MKT_04_STL_030,SCL_0271,1000,1001,Y,2025-09-09,INS_02
2026-01-18,MKT_04,MKT_04_STL_030,SCL_0271,1000,999,Y,2025-08-05,INS_05
2026-03-31,MKT_04,MKT_04_STL_030,SCL_0271,1000,998,Y,2017-04-27,INS_03
2026-01-25,MKT_04,MKT_04_STL_031,SCL_0272,1000,1000,Y,2016-12-17,INS_01
2026-02-11,MKT_04,MKT_04_STL_031,SCL_0272,1000,999,Y,2025-09-15,INS_04
2026-02-14,MKT_04,MKT_04_STL_031,SCL_0272,1000,999,Y,2025-12-03,INS_03
2026-01-07,MKT_04,MKT_04_STL_031,SCL_0273,1000,998,Y,2025-10-13,INS_03
2026-02-01,MKT_04,MKT_04_STL_031,SCL_0273,1000,998,Y,2025-09-16,INS_04
2026-03-21,MKT_04,MKT_04_STL_031,SCL_0273,1000,1000,Y,2025-12-09,INS_05
2026-01-03,MKT_04,MKT_04_STL_032,SCL_0274,1000,998,Y,2025-11-04,INS_05
2026-02-18,MKT_04,MKT_04_STL_032,SCL_0274,1000,1000,Y,2018-09-02,INS_05
2026-03-27,MKT_04,MKT_04_STL_032,SCL_0274,1000,1001,Y,2025-08-25,INS_01
2026-01-03,MKT_04,MKT_04_STL_032,SCL_0275,1000,998,Y,2025-03-31,INS_04
2026-02-07,MKT_04,MKT_04_STL_032,SCL_0275,1000,998,Y,2017-10-22,INS_05
2026-03-25,MKT_04,MKT_04_STL_032,SCL_0275,1000,998,Y,2017-12-20,INS_05
2026-01-21,MKT_04,MKT_04_STL_032,SCL_0276,1000,1027,N,2025-08-24,INS_03
2026-02-20,MKT_04,MKT_04_STL_032,SCL_0276,1000,1022,N,2025-03-07,INS_05
2026-03-04,MKT_04,MKT_04_STL_032,SCL_0276,1000,1006,N,2025-09-12,INS_04
2026-02-13,MKT_04,MKT_04_STL_033,SCL_0277,1000,1038,N,2025-03-07,INS_04
2026-02-20,MKT_04,MKT_04_STL_033,SCL_0277,1000,1031,N,2015-11-09,INS_02
2026-03-26,MKT_04,MKT_04_STL_033,SCL_0277,1000,1043,N,2018-01-15,INS_03
2026-01-18,MKT_04,MKT_04_STL_034,SCL_0278,1000,999,Y,2025-03-26,INS_02
2026-03-16,MKT_04,MKT_04_STL_034,SCL_0278,1000,999,Y,2025-11-26,INS_04
2026-03-25,MKT_04,MKT_04_STL_034,SCL_0278,1000,998,Y,2019-09-16,INS_05
2026-01-04,MKT_04,MKT_04_STL_034,SCL_0279,1000,1001,Y,2025-07-18,INS_03
2026-02-10,MKT_04,MKT_04_STL_034,SCL_0279,1000,998,Y,2015-02-23,INS_02
2026-02-22,MKT_04,MKT_04_STL_034,SCL_0279,1000,1000,Y,2025-09-27,INS_05
2026-01-04,MKT_04,MKT_04_STL_034,SCL_0280,1000,999,Y,2025-04-09,INS_04
2026-01-30,MKT_04,MKT_04_STL_034,SCL_0280,1000,999,Y,2025-04-24,INS_03
2026-03-29,MKT_04,MKT_04_STL_034,SCL_0280,1000,999,Y,2025-08-02,INS_02
2026-01-02,MKT_04,MKT_04_STL_035,SCL_0281,1000,999,Y,2017-06-18,INS_02
2026-02-04,MKT_04,MKT_04_STL_035,SCL_0281,1000,1000,Y,2025-09-01,INS_04
2026-02-22,MKT_04,MKT_04_STL_035,SCL_0281,1000,1001,Y,2025-07-06,INS_01
2026-03-10,MKT_04,MKT_04_STL_035,SCL_0282,1000,998,Y,2026-01-18,INS_01
2026-03-15,MKT_04,MKT_04_STL_035,SCL_0282,1000,1001,Y,2026-01-24,INS_02
2026-03-18,MKT_04,MKT_04_STL_035,SCL_0282,1000,998,Y,2017-06-19,INS_05
2026-02-06,MKT_04,MKT_04_STL_035,SCL_0283,1000,1044,N,2025-04-18,INS_03
2026-02-08,MKT_04,MKT_04_STL_035,SCL_0283,1000,1046,N,2019-01-19,INS_04
2026-03-01,MKT_04,MKT_04_STL_035,SCL_0283,1000,1042,N,2025-04-26,INS_02
2026-02-11,MKT_04,MKT_04_STL_036,SCL_0284,1000,1042,N,2025-10-01,INS_04
2026-02-22,MKT_04,MKT_04_STL_036,SCL_0284,1000,1021,N,2018-08-21,INS_01
2026-02-27,MKT_04,MKT_04_STL_036,SCL_0284,1000,1050,N,2025-12-13,INS_02
2026-02-16,MKT_04,MKT_04_STL_037,SCL_0285,1000,1037,N,2025-10-28,INS_04
2026-02-27,MKT_04,MKT_04_STL_037,SCL_0285,1000,1007,N,2025-08-10,INS_04
2026-03-23,MKT_04,MKT_04_STL_037,SCL_0285,1000,1015,N,2025-11-22,INS_02
2026-01-07,MKT_04,MKT_04_STL_037,SCL_0286,1000,1000,Y,2025-10-09,INS_04
2026-02-09,MKT_04,MKT_04_STL_037,SCL_0286,1000,998,N,2025-09-03,INS_02
2026-02-23,MKT_04,MKT_04_STL_037,SCL_0286,1000,1001,Y,2026-01-22,INS_04
2026-01-28,MKT_04,MKT_04_STL_037,SCL_0287,1000,1001,Y,2025-11-19,INS_04
2026-01-31,MKT_04,MKT_04_STL_037,SCL_0287,1000,999,Y,2025-08-12,INS_01
2026-03-05,MKT_04,MKT_04_STL_037,SCL_0287,1000,999,N,2015-10-31,INS_05
2026-01-05,MKT_04,MKT_04_STL_038,SCL_0288,1000,1000,N,2025-10-23,INS_05
2026-01-19,MKT_04,MKT_04_STL_038,SCL_0288,1000,999,Y,2016-08-05,INS_04
2026-02-14,MKT_04,MKT_04_STL_038,SCL_0288,1000,999,Y,2025-07-15,INS_05
2026-01-12,MKT_04,MKT_04_STL_038,SCL_0289,1000,998,Y,2025-11-10,INS_04
2026-02-08,MKT_04,MKT_04_STL_038,SCL_0289,1000,998,Y,2025-08-22,INS_02
2026-02-11,MKT_04,MKT_04_STL_038,SCL_0289,1000,999,Y,2025-12-14,INS_04
2026-01-12,MKT_04,MKT_04_STL_038,SCL_0290,1000,1000,Y,2025-07-04,INS_05
2026-03-09,MKT_04,MKT_04_STL_038,SCL_0290,1000,1000,Y,2025-05-29,INS_05
2026-03-22,MKT_04,MKT_04_STL_038,SCL_0290,1000,1001,Y,2025-10-24,INS_04
2026-01-01,MKT_04,MKT_04_STL_039,SCL_0291,1000,1018,N,2025-05-04,INS_01
2026-01-16,MKT_04,MKT_04_STL_039,SCL_0291,1000,1027,N,2018-07-29,INS_03
2026-01-25,MKT_04,MKT_04_STL_039,SCL_0291,1000,1049,Y,2019-06-07,INS_02
2026-02-08,MKT_04,MKT_04_STL_039,SCL_0292,1000,998,Y,2025-07-19,INS_01
2026-03-06,MKT_04,MKT_04_STL_039,SCL_0292,1000,998,Y,2025-10-28,INS_05
2026-03-12,MKT_04,MKT_04_STL_039,SCL_0292,1000,1001,Y,2026-01-23,INS_03
2026-01-20,MKT_04,MKT_04_STL_040,SCL_0293,1000,1000,Y,2025-05-24,INS_05
2026-03-03,MKT_04,MKT_04_STL_040,SCL_0293,1000,1000,Y,2025-08-24,INS_01
2026-03-22,MKT_04,MKT_04_STL_040,SCL_0293,1000,999,Y,2025-09-04,INS_01
2026-01-09,MKT_04,MKT_04_STL_040,SCL_0294,1000,1000,Y,2025-09-17,INS_01
2026-01-20,MKT_04,MKT_04_STL_040,SCL_0294,1000,999,Y,2025-07-17,INS_04
2026-02-15,MKT_04,MKT_04_STL_040,SCL_0294,1000,998,Y,2025-12-03,INS_03
2026-01-31,MKT_04,MKT_04_STL_040,SCL_0295,1000,999,Y,2025-10-04,INS_03
2026-02-17,MKT_04,MKT_04_STL_040,SCL_0295,1000,999,Y,2025-06-05,INS_01
2026-02-27,MKT_04,MKT_04_STL_040,SCL_0295,1000,999,Y,2017-09-17,INS_04
2026-02-09,MKT_05,MKT_05_STL_001,SCL_0296,1000,1038,N,2025-11-04,INS_01
2026-02-11,MKT_05,MKT_05_STL_001,SCL_0296,1000,1034,N,2019-11-07,INS_01
2026-03-09,MKT_05,MKT_05_STL_001,SCL_0296,1000,1024,N,2025-04-09,INS_01
2026-01-06,MKT_05,MKT_05_STL_001,SCL_0297,1000,1006,N,2016-10-01,INS_03
2026-02-12,MKT_05,MKT_05_STL_001,SCL_0297,1000,1025,N,2016-08-09,INS_02
2026-03-01,MKT_05,MKT_05_STL_001,SCL_0297,1000,1033,N,2025-09-13,INS_03
2026-01-02,MKT_05,MKT_05_STL_002,SCL_0298,1000,998,Y,2025-06-07,INS_05
2026-01-15,MKT_05,MKT_05_STL_002,SCL_0298,1000,999,Y,2025-07-24,INS_03
2026-02-05,MKT_05,MKT_05_STL_002,SCL_0298,1000,998,Y,2025-07-17,INS_02
2026-01-04,MKT_05,MKT_05_STL_003,SCL_0299,1000,998,Y,2025-10-22,INS_01
2026-01-07,MKT_05,MKT_05_STL_003,SCL_0299,1000,1001,Y,2025-07-02,INS_02
2026-01-17,MKT_05,MKT_05_STL_003,SCL_0299,1000,998,Y,2025-04-24,INS_02
2026-01-12,MKT_05,MKT_05_STL_003,SCL_0300,1000,1048,N,2025-04-19,INS_03
2026-03-01,MKT_05,MKT_05_STL_003,SCL_0300,1000,1014,N,2025-03-21,INS_02
2026-03-31,MKT_05,MKT_05_STL_003,SCL_0300,1000,1030,N,2018-09-24,INS_03
2026-02-11,MKT_05,MKT_05_STL_004,SCL_0301,1000,1012,N,2017-08-02,INS_04
2026-02-28,MKT_05,MKT_05_STL_004,SCL_0301,1000,1027,N,2025-11-25,INS_03
2026-03-04,MKT_05,MKT_05_STL_004,SCL_0301,1000,1050,N,2025-08-20,INS_04
2026-01-10,MKT_05,MKT_05_STL_004,SCL_0302,1000,1001,Y,2025-08-09,INS_05
2026-02-08,MKT_05,MKT_05_STL_004,SCL_0302,1000,1001,Y,2016-03-02,INS_04
2026-03-10,MKT_05,MKT_05_STL_004,SCL_0302,1000,1001,Y,2025-07-01,INS_05
2026-02-13,MKT_05,MKT_05_STL_005,SCL_0303,1000,1001,Y,2018-05-05,INS_01
2026-03-11,MKT_05,MKT_05_STL_005,SCL_0303,1000,998,Y,2025-11-11,INS_05
2026-03-30,MKT_05,MKT_05_STL_005,SCL_0303,1000,998,Y,2025-08-18,INS_04
2026-01-08,MKT_05,MKT_05_STL_006,SCL_0304,1000,1042,N,2025-01-18,INS_02
2026-03-24,MKT_05,MKT_05_STL_006,SCL_0304,1000,1047,N,2017-12-24,INS_02
2026-03-26,MKT_05,MKT_05_STL_006,SCL_0304,1000,1041,N,2016-02-26,INS_05
2026-02-08,MKT_05,MKT_05_STL_006,SCL_0305,1000,1001,Y,2025-07-17,INS_03
2026-02-10,MKT_05,MKT_05_STL_006,SCL_0305,1000,998,Y,2025-04-25,INS_05
2026-03-14,MKT_05,MKT_05_STL_006,SCL_0305,1000,1000,Y,2018-01-29,INS_02
2026-01-01,MKT_05,MKT_05_STL_007,SCL_0306,1000,1006,N,2018-12-09,INS_03
2026-02-15,MKT_05,MKT_05_STL_007,SCL_0306,1000,1050,N,2017-02-20,INS_03
2026-03-13,MKT_05,MKT_05_STL_007,SCL_0306,1000,1047,N,2015-10-12,INS_02
2026-02-16,MKT_05,MKT_05_STL_008,SCL_0307,1000,1013,Y,2018-08-20,INS_02
2026-02-19,MKT_05,MKT_05_STL_008,SCL_0307,1000,1047,Y,2015-10-06,INS_04
2026-02-23,MKT_05,MKT_05_STL_008,SCL_0307,1000,1034,N,2025-03-21,INS_04
2026-01-24,MKT_05,MKT_05_STL_008,SCL_0308,1000,1001,Y,2025-09-01,INS_05
2026-02-28,MKT_05,MKT_05_STL_008,SCL_0308,1000,998,Y,2025-09-30,INS_05
2026-03-21,MKT_05,MKT_05_STL_008,SCL_0308,1000,1001,N,2025-08-16,INS_03
2026-01-05,MKT_05,MKT_05_STL_009,SCL_0309,1000,1001,Y,2025-10-27,INS_01
2026-03-03,MKT_05,MKT_05_STL_009,SCL_0309,1000,1000,Y,2025-12-23,INS_05
2026-03-14,MKT_05,MKT_05_STL_009,SCL_0309,1000,998,Y,2026-01-04,INS_05
2026-02-09,MKT_05,MKT_05_STL_010,SCL_0310,1000,998,Y,2025-04-23,INS_03
2026-03-11,MKT_05,MKT_05_STL_010,SCL_0310,1000,1000,Y,2025-09-12,INS_05
2026-03-16,MKT_05,MKT_05_STL_010,SCL_0310,1000,1000,N,2025-10-04,INS_01
